sector,brand,domain,country
Beauty & skincare,The Inkey List,theinkeylist.com,UK
Beauty & skincare,Beauty Pie,beautypie.com,UK
Beauty & skincare,Trinny London,trinnylondon.com,UK
Beauty & skincare,REFY Beauty,refybeauty.com,UK
Beauty & skincare,Made By Mitchell,madebymitchell.co.uk,UK
Beauty & skincare,P.Louise,plouise.co.uk,UK
Beauty & skincare,Iconic London,iconiclondon.com,UK
Beauty & skincare,Tropic Skincare,tropicskincare.com,UK
Beauty & skincare,Neal's Yard Remedies,nealsyardremedies.com,UK
Beauty & skincare,Pai Skincare,paiskincare.com,UK
Beauty & skincare,Faith In Nature,faithinnature.co.uk,UK
Beauty & skincare,Green People,greenpeople.co.uk,UK
Beauty & skincare,Emma Hardie,emmahardie.com,UK
Beauty & skincare,Medik8,medik8.com,UK
Beauty & skincare,Skin + Me,skinandme.com,UK
Beauty & skincare,ESPA,espaskincare.com,UK
Beauty & skincare,This Works,thisworks.com,UK
Beauty & skincare,Aromatherapy Associates,aromatherapyassociates.com,UK
Beauty & skincare,Cowshed,cowshed.com,UK
Beauty & skincare,Percy & Reed,percyandreed.com,UK
Beauty & skincare,Philip Kingsley,philipkingsley.co.uk,UK
Beauty & skincare,Josh Wood Colour,joshwoodcolour.com,UK
Beauty & skincare,Umberto Giannini,umbertogiannini.com,UK
Beauty & skincare,Boucleme,boucleme.co.uk,UK
Beauty & skincare,111SKIN,111skin.com,UK
Beauty & skincare,Sarah Chapman,sarahchapman.com,UK
Beauty & skincare,Rodial,rodial.com,UK
Beauty & skincare,Nip + Fab,nipandfab.com,UK
Beauty & skincare,Eve Lom,evelom.com,UK
Beauty & skincare,Isle of Paradise,theisleofparadise.com,UK
Beauty & skincare,Tan-Luxe,tan-luxe.com,UK
Beauty & skincare,Q+A Skincare,qandaskin.com,UK
Beauty & skincare,BYOMA,byoma.com,UK
Beauty & skincare,Barry M,barrym.com,UK
Beauty & skincare,Nails Inc,nailsinc.com,UK
Beauty & skincare,Mylee,mylee.co.uk,UK
Beauty & skincare,Eyeko,eyeko.com,UK
Beauty & skincare,Illamasqua,illamasqua.com,UK
Beauty & skincare,BPerfect Cosmetics,bperfectcosmetics.com,UK
Beauty & skincare,Beauty Works,beautyworksonline.com,UK
Beauty & skincare,Lola's Lashes,lolaslashes.co.uk,UK
Beauty & skincare,Doll Beauty,dollbeauty.com,UK
Beauty & skincare,Evolve Organic Beauty,evolvebeauty.co.uk,UK
Beauty & skincare,UpCircle Beauty,upcirclebeauty.com,UK
Beauty & skincare,Fussy,getfussy.com,UK
Beauty & skincare,Haeckels,haeckels.co.uk,UK
Beauty & skincare,Ameliorate,ameliorate.com,UK
Beauty & skincare,Mio Skincare,mioskincare.com,UK
Beauty & skincare,Votary,votary.co.uk,UK
Beauty & skincare,Oskia,oskiaskincare.com,UK
Beauty & skincare,Temple Spa,templespa.com,UK
Beauty & skincare,Bulldog Skincare,bulldogskincare.com,UK
Beauty & skincare,MZ Skin,mzskin.com,UK
Beauty & skincare,Facetheory,facetheory.com,UK
Beauty & skincare,Neom Wellbeing,neomwellbeing.com,UK
Beauty & skincare,Bomb Cosmetics,bombcosmetics.co.uk,UK
Beauty & skincare,Gruum,gruum.com,UK
Beauty & skincare,FFS Beauty,ffs.co.uk,UK
Beauty & skincare,Vita Liberata,vitaliberata.com,UK
Beauty & skincare,Hair Syrup,hairsyrup.co.uk,UK
Beauty & skincare,Childs Farm,childsfarm.com,UK
Beauty & skincare,My Expert Midwife,myexpertmidwife.com,UK
Beauty & skincare,Carbon Theory,carbontheory.com,UK
Beauty & skincare,Skin Rocks,skinrocks.com,UK
Beauty & skincare,Tatti Lashes,tattilashes.com,UK
Beauty & skincare,UKLASH,uklash.com,UK
Beauty & skincare,Nursem,nursem.co.uk,UK
Beauty & skincare,AKT London,aktlondon.com,UK
Beauty & skincare,Cliphair,cliphair.co.uk,UK
Beauty & skincare,Foxy Locks,foxylocks.com,UK
Beauty & skincare,Milk + Blush,milkandblush.com,UK
Beauty & skincare,Only Curls,onlycurls.com,UK
Beauty & skincare,Balance Me,balanceme.com,UK
Beauty & skincare,Dr.PawPaw,drpawpaw.com,UK
Beauty & skincare,Ciaté London,ciatelondon.com,UK
Beauty & skincare,Herbivore Botanicals,herbivorebotanicals.com,US
Beauty & skincare,OSEA,oseamalibu.com,US
Beauty & skincare,True Botanicals,truebotanicals.com,US
Beauty & skincare,Youth To The People,youthtothepeople.com,US
Beauty & skincare,Krave Beauty,kravebeauty.com,US
Beauty & skincare,Versed,versedskin.com,US
Beauty & skincare,Peach & Lily,peachandlily.com,US
Beauty & skincare,Then I Met You,thenimetyou.com,US
Beauty & skincare,Summer Fridays,summerfridays.com,US
Beauty & skincare,Kopari Beauty,koparibeauty.com,US
Beauty & skincare,Topicals,mytopicals.com,US
Beauty & skincare,Starface,starface.world,US
Beauty & skincare,Bliss,blissworld.com,US
Beauty & skincare,Peter Thomas Roth,peterthomasroth.com,US
Beauty & skincare,Perricone MD,perriconemd.com,US
Beauty & skincare,Farmacy Beauty,farmacybeauty.com,US
Beauty & skincare,Volition Beauty,volitionbeauty.com,US
Beauty & skincare,Cocokind,cocokind.com,US
Beauty & skincare,Tower 28 Beauty,tower28beauty.com,US
Beauty & skincare,Kosas,kosas.com,US
Beauty & skincare,Merit Beauty,meritbeauty.com,US
Beauty & skincare,Ilia Beauty,iliabeauty.com,US
Beauty & skincare,Saie Beauty,saiebeauty.com,US
Beauty & skincare,Westman Atelier,westman-atelier.com,US
Beauty & skincare,RMS Beauty,rmsbeauty.com,US
Beauty & skincare,Alleyoop,meetalleyoop.com,US
Beauty & skincare,Juvia's Place,juviasplace.com,US
Beauty & skincare,The Lip Bar,thelipbar.com,US
Beauty & skincare,Mented Cosmetics,mentedcosmetics.com,US
Beauty & skincare,Live Tinted,livetinted.com,US
Beauty & skincare,Half Magic Beauty,halfmagicbeauty.com,US
Beauty & skincare,Dieux Skin,dieuxskin.com,US
Beauty & skincare,Necessaire,necessaire.com,US
Beauty & skincare,Megababe,megababebeauty.com,US
Beauty & skincare,Fur,furyou.com,US
Beauty & skincare,Salt & Stone,saltandstone.com,US
Beauty & skincare,Curie,curiebod.com,US
Beauty & skincare,Oars + Alps,oarsandalps.com,US
Beauty & skincare,Every Man Jack,everymanjack.com,US
Beauty & skincare,Jack Black,getjackblack.com,US
Beauty & skincare,Duke Cannon,dukecannon.com,US
Beauty & skincare,Scotch Porter,scotchporter.com,US
Beauty & skincare,Geologie,geologie.com,US
Beauty & skincare,Ursa Major,ursamajorvt.com,US
Beauty & skincare,Brickell Men's Products,brickellmensproducts.com,US
Beauty & skincare,Bevel,getbevel.com,US
Beauty & skincare,Blu Atlas,bluatlas.com,US
Beauty & skincare,Vegamour,vegamour.com,US
Beauty & skincare,Act+Acre,actandacre.com,US
Beauty & skincare,Crown Affair,crownaffair.com,US
Beauty & skincare,Dae Hair,daehair.com,US
Beauty & skincare,Verb,verbproducts.com,US
Beauty & skincare,IGK Hair,igkhair.com,US
Beauty & skincare,Odele Beauty,odelebeauty.com,US
Beauty & skincare,Ceremonia,ceremonia.com,US
Beauty & skincare,Pattern Beauty,patternbeauty.com,US
Beauty & skincare,Melanin Haircare,melaninhaircare.com,US
Beauty & skincare,Camille Rose,camillerose.com,US
Beauty & skincare,The Doux,thedoux.com,US
Beauty & skincare,Bread Beauty Supply,breadbeautysupply.com,US
Beauty & skincare,Briogeo,briogeohair.com,US
Beauty & skincare,dpHUE,dphue.com,US
Beauty & skincare,oVertone,overtone.co,US
Beauty & skincare,Manic Panic,manicpanic.com,US
Beauty & skincare,Arctic Fox,arcticfoxhaircolor.com,US
Beauty & skincare,Lime Crime,limecrime.com,US
Beauty & skincare,Good Dye Young,gooddyeyoung.com,US
Beauty & skincare,Innersense Organic Beauty,innersensebeauty.com,US
Beauty & skincare,R+Co,randco.com,US
Beauty & skincare,Truly Beauty,trulybeauty.com,US
Beauty & skincare,Peace Out Skincare,peaceoutskincare.com,US
Beauty & skincare,Sugarpill,sugarpill.com,US
Beauty & skincare,Viori,viori.com,US
Beauty & skincare,Vacation,vacation.inc,US
Beauty & skincare,Dazzle Dry,dazzledry.com,US
Fashion & apparel,Nobody's Child,nobodyschild.com,UK
Fashion & apparel,Rixo,rixo.co.uk,UK
Fashion & apparel,Kitri,kitristudio.com,UK
Fashion & apparel,Ro&Zo,roandzo.com,UK
Fashion & apparel,Aligne,aligne.co,UK
Fashion & apparel,Never Fully Dressed,neverfullydressed.com,UK
Fashion & apparel,Damson Madder,damsonmadder.com,UK
Fashion & apparel,Sister Jane,sisterjane.com,UK
Fashion & apparel,House of Sunny,houseofsunny.co.uk,UK
Fashion & apparel,Lucy & Yak,lucyandyak.com,UK
Fashion & apparel,Passenger,passenger-clothing.com,UK
Fashion & apparel,The Fold London,thefoldlondon.com,UK
Fashion & apparel,Cefinn,cefinn.com,UK
Fashion & apparel,Beulah London,beulahlondon.com,UK
Fashion & apparel,Saint and Sofia,saintandsofia.com,UK
Fashion & apparel,Baukjen,baukjen.com,UK
Fashion & apparel,Hush,hush-uk.com,UK
Fashion & apparel,Mint Velvet,mintvelvet.com,UK
Fashion & apparel,Wyse London,wyselondon.com,UK
Fashion & apparel,Aspiga,aspiga.com,UK
Fashion & apparel,Thought Clothing,wearethought.com,UK
Fashion & apparel,Celtic & Co,celticandco.com,UK
Fashion & apparel,Joanie Clothing,joanieclothing.com,UK
Fashion & apparel,Lavish Alice,lavishalice.com,UK
Fashion & apparel,Club L London,clubllondon.com,UK
Fashion & apparel,Odd Muse,oddmuse.co.uk,UK
Fashion & apparel,Rat & Boa,ratandboa.com,UK
Fashion & apparel,Motel Rocks,motelrocks.com,UK
Fashion & apparel,Chi Chi London,chichiclothing.com,UK
Fashion & apparel,Missy Empire,missyempire.com,UK
Fashion & apparel,Pink Boutique,pinkboutique.co.uk,UK
Fashion & apparel,4th & Reckless,4thandreckless.com,UK
Fashion & apparel,Sosandar,sosandar.com,UK
Fashion & apparel,Ghost London,ghost.co.uk,UK
Fashion & apparel,Needle & Thread,needleandthread.com,UK
Fashion & apparel,Self-Portrait,self-portrait-studio.com,UK
Fashion & apparel,Stripe & Stare,stripeandstare.com,UK
Fashion & apparel,Chelsea Peers,chelseapeersnyc.com,UK
Fashion & apparel,Desmond & Dempsey,desmondanddempsey.com,UK
Fashion & apparel,With Nothing Underneath,withnothingunderneath.com,UK
Fashion & apparel,Toast,toa.st,UK
Fashion & apparel,ME+EM,meandem.com,UK
Fashion & apparel,Jigsaw,jigsaw-online.com,UK
Fashion & apparel,L.K. Bennett,lkbennett.com,UK
Fashion & apparel,Roman Originals,roman.co.uk,UK
Fashion & apparel,Joe Browns,joebrowns.co.uk,UK
Fashion & apparel,Weird Fish,weirdfish.co.uk,UK
Fashion & apparel,Brakeburn,brakeburn.com,UK
Fashion & apparel,Tog24,tog24.com,UK
Fashion & apparel,Cotton Traders,cottontraders.com,UK
Fashion & apparel,Crew Clothing,crewclothing.co.uk,UK
Fashion & apparel,JoJo Maman Bebe,jojomamanbebe.co.uk,UK
Fashion & apparel,Finisterre,finisterre.com,UK
Fashion & apparel,Percival,percivalclo.com,UK
Fashion & apparel,Wax London,waxlondon.com,UK
Fashion & apparel,Universal Works,universalworks.co.uk,UK
Fashion & apparel,Folk Clothing,folkclothing.com,UK
Fashion & apparel,Oliver Spencer,oliverspencer.co.uk,UK
Fashion & apparel,Sunspel,sunspel.com,UK
Fashion & apparel,Albam,albamclothing.com,UK
Fashion & apparel,Peregrine,peregrineclothing.co.uk,UK
Fashion & apparel,Private White V.C.,privatewhitevc.com,UK
Fashion & apparel,Cordings,cordings.co.uk,UK
Fashion & apparel,Beaufort & Blake,beaufortandblake.com,UK
Fashion & apparel,Holland Cooper,hollandcooper.com,UK
Fashion & apparel,Really Wild,reallywildclothing.com,UK
Fashion & apparel,Sirplus,sirplus.co.uk,UK
Fashion & apparel,Spoke,spoke-london.com,UK
Fashion & apparel,Luca Faloni,lucafaloni.com,UK
Fashion & apparel,Drake's,drakes.com,UK
Fashion & apparel,Turnbull & Asser,turnbullandasser.com,UK
Fashion & apparel,New & Lingwood,newandlingwood.com,UK
Fashion & apparel,Peter Christian,peterchristianoutfitters.com,UK
Fashion & apparel,Hawes & Curtis,hawesandcurtis.co.uk,UK
Fashion & apparel,Belstaff,belstaff.com,UK
Fashion & apparel,Buck Mason,buckmason.com,US
Fashion & apparel,Taylor Stitch,taylorstitch.com,US
Fashion & apparel,Marine Layer,marinelayer.com,US
Fashion & apparel,Pact,wearpact.com,US
Fashion & apparel,Outerknown,outerknown.com,US
Fashion & apparel,Mizzen+Main,mizzenandmain.com,US
Fashion & apparel,Twillory,twillory.com,US
Fashion & apparel,Ministry of Supply,ministryofsupply.com,US
Fashion & apparel,Western Rise,westernrise.com,US
Fashion & apparel,Wool&Prince,woolandprince.com,US
Fashion & apparel,Mott & Bow,mottandbow.com,US
Fashion & apparel,Bearbottom Clothing,bearbottomclothing.com,US
Fashion & apparel,Fresh Clean Threads,freshcleanthreads.com,US
Fashion & apparel,Cuts Clothing,cutsclothing.com,US
Fashion & apparel,State and Liberty,stateandliberty.com,US
Fashion & apparel,Collars & Co,collarsandco.com,US
Fashion & apparel,Tommy John,tommyjohn.com,US
Fashion & apparel,Mack Weldon,mackweldon.com,US
Fashion & apparel,Chubbies,chubbiesshorts.com,US
Fashion & apparel,Johnnie-O,johnnie-o.com,US
Fashion & apparel,Criquet,criquetshirts.com,US
Fashion & apparel,Billy Reid,billyreid.com,US
Fashion & apparel,Todd Snyder,toddsnyder.com,US
Fashion & apparel,Alex Mill,alexmill.com,US
Fashion & apparel,3sixteen,3sixteen.com,US
Fashion & apparel,Gustin,weargustin.com,US
Fashion & apparel,American Giant,american-giant.com,US
Fashion & apparel,Ledbury,ledbury.com,US
Fashion & apparel,The Normal Brand,thenormalbrand.com,US
Fashion & apparel,Southern Marsh,southernmarsh.com,US
Fashion & apparel,Southern Tide,southerntide.com,US
Fashion & apparel,Rowing Blazers,rowingblazers.com,US
Fashion & apparel,Sid Mashburn,sidmashburn.com,US
Fashion & apparel,J. Press,jpressonline.com,US
Fashion & apparel,Ball and Buck,ballandbuck.com,US
Fashion & apparel,Duck Head,duckhead.com,US
Fashion & apparel,Hill House Home,hillhousehome.com,US
Fashion & apparel,J.McLaughlin,jmclaughlin.com,US
Fashion & apparel,Doen,shopdoen.com,US
Fashion & apparel,Christy Dawn,christydawn.com,US
Fashion & apparel,Realisation Par,realisationpar.com,US
Fashion & apparel,LoveShackFancy,loveshackfancy.com,US
Fashion & apparel,Ulla Johnson,ullajohnson.com,US
Fashion & apparel,MISA Los Angeles,misalosangeles.com,US
Fashion & apparel,Show Me Your Mumu,showmeyourmumu.com,US
Fashion & apparel,For Love & Lemons,forloveandlemons.com,US
Fashion & apparel,Nation LTD,nation.la,US
Fashion & apparel,Michael Stars,michaelstars.com,US
Fashion & apparel,Emerson Fry,emersonfry.com,US
Fashion & apparel,AYR,ayr.com,US
Fashion & apparel,Cuyana,cuyana.com,US
Fashion & apparel,M.M.LaFleur,mmlafleur.com,US
Fashion & apparel,Amour Vert,amourvert.com,US
Fashion & apparel,Jenni Kayne,jennikayne.com,US
Fashion & apparel,The Great,thisisthegreat.com,US
Fashion & apparel,Xirena,xirena.com,US
Fashion & apparel,Rails,railsclothing.com,US
Fashion & apparel,Frank & Eileen,frankandeileen.com,US
Fashion & apparel,Universal Standard,universalstandard.com,US
Fashion & apparel,Summersalt,summersalt.com,US
Fashion & apparel,MeUndies,meundies.com,US
Fashion & apparel,Lunya,lunya.co,US
Fashion & apparel,Eberjey,eberjey.com,US
Fashion & apparel,Printfresh,printfresh.com,US
Fashion & apparel,Lake Pajamas,lakepajamas.com,US
Fashion & apparel,Petite Plume,petite-plume.com,US
Fashion & apparel,Little Sleepies,littlesleepies.com,US
Fashion & apparel,Kyte Baby,kytebaby.com,US
Fashion & apparel,Posh Peanut,poshpeanut.com,US
Fashion & apparel,Primary,primary.com,US
Fashion & apparel,Toad&Co,toadandco.com,US
Fashion & apparel,Howler Brothers,howlerbros.com,US
Fashion & apparel,Free Fly Apparel,freeflyapparel.com,US
Fashion & apparel,Aviator Nation,aviatornation.com,US
Fashion & apparel,Fair Harbor,fairharborclothing.com,US
Activewear & athleisure,TALA,wearetala.com,UK
Activewear & athleisure,AYBL,beaybl.com,UK
Activewear & athleisure,Adanola,adanola.com,UK
Activewear & athleisure,Montirex,montirex.com,UK
Activewear & athleisure,Bo+Tee,boandtee.com,UK
Activewear & athleisure,DFYNE,dfyne.com,UK
Activewear & athleisure,Oner Active,oneractive.com,UK
Activewear & athleisure,Vanquish Fitness,vqfit.com,UK
Activewear & athleisure,Just Strong,juststrong.com,UK
Activewear & athleisure,Sundried,sundried.com,UK
Activewear & athleisure,Tikiboo,tikiboo.co.uk,UK
Activewear & athleisure,BOXRAW,boxraw.com,UK
Activewear & athleisure,Le Col,lecol.cc,UK
Activewear & athleisure,Stolen Goat,stolengoat.com,UK
Activewear & athleisure,Fat Lad At The Back,fatladattheback.com,UK
Activewear & athleisure,Proviz,provizsports.com,UK
Activewear & athleisure,SOAR Running,soarrunning.com,UK
Activewear & athleisure,HUUB,huubdesign.com,UK
Activewear & athleisure,dryrobe,dryrobe.com,UK
Activewear & athleisure,BAM Bamboo Clothing,bambooclothing.co.uk,UK
Activewear & athleisure,Varley,varley.com,UK
Activewear & athleisure,11 Degrees,11degrees.co.uk,UK
Activewear & athleisure,Aztec Diamond Equestrian,aztecdiamondequestrian.com,UK
Activewear & athleisure,ThruDark,thrudark.com,UK
Activewear & athleisure,Vollebak,vollebak.com,UK
Activewear & athleisure,Tatami Fightwear,tatamifightwear.com,UK
Activewear & athleisure,Scramble,scramblestuff.com,UK
Activewear & athleisure,Bee Inspired,beeinspiredclothing.com,UK
Activewear & athleisure,Pineapple,pineapple.uk.com,UK
Activewear & athleisure,Glenmuir,glenmuir.com,UK
Activewear & athleisure,Planks Clothing,planksclothing.com,UK
Activewear & athleisure,Vivobarefoot,vivobarefoot.com,UK
Activewear & athleisure,Zoggs,zoggs.com,UK
Activewear & athleisure,SBD Apparel,sbdapparel.com,UK
Activewear & athleisure,Musto,musto.com,UK
Activewear & athleisure,Gill Marine,gillmarine.com,UK
Activewear & athleisure,SealSkinz,sealskinz.com,UK
Activewear & athleisure,TLC Sport,tlcsport.co.uk,UK
Activewear & athleisure,Manors Golf,manorsgolf.com,UK
Activewear & athleisure,Asquith London,asquithlondon.com,UK
Activewear & athleisure,Iffley Road,iffleyroad.com,UK
Activewear & athleisure,Howies,howies.co.uk,UK
Activewear & athleisure,MAAREE,maaree.com,UK
Activewear & athleisure,NOPINZ,nopinz.com,UK
Activewear & athleisure,1000 Mile,1000mile.co.uk,UK
Activewear & athleisure,Pursue Fitness,pursuefitness.com,UK
Activewear & athleisure,Gym King,thegymking.com,UK
Activewear & athleisure,OddBalls,myoddballs.com,UK
Activewear & athleisure,Runderwear,runderwear.co.uk,UK
Activewear & athleisure,ZONE3,zone3.com,UK
Activewear & athleisure,Hylo Athletics,hyloathletics.com,UK
Activewear & athleisure,Albion Cycling,albioncycling.com,UK
Activewear & athleisure,Universal Colours,universalcolours.com,UK
Activewear & athleisure,Surfanic,surfanic.com,UK
Activewear & athleisure,Physiq Apparel,physiqapparel.com,UK
Activewear & athleisure,Royal & Awesome,royalandawesome.co.uk,UK
Activewear & athleisure,Harrier Trail Running,harrierrunfree.co.uk,UK
Activewear & athleisure,Pocket Sport,pocket-sport.com,UK
Activewear & athleisure,Maru Swimwear,maruswim.com,UK
Activewear & athleisure,Galibier,galibier.cc,UK
Activewear & athleisure,Lusso,lusso.bike,UK
Activewear & athleisure,KYMIRA,kymira.com,UK
Activewear & athleisure,OOSC Clothing,oosc-clothing.com,UK
Activewear & athleisure,INOV8,inov8.com,UK
Activewear & athleisure,Reflo,reflo.com,UK
Activewear & athleisure,Y1 Sport,y1sport.com,UK
Activewear & athleisure,Reyllen Fitness,reyllen.com,UK
Activewear & athleisure,Bunker Mentality,bunker-mentality.com,UK
Activewear & athleisure,Robie Robes,robierobes.com,UK
Activewear & athleisure,Runr,runr.co.uk,UK
Activewear & athleisure,Natal Active,natalactive.com,UK
Activewear & athleisure,FINDRA,findraclothing.com,UK
Activewear & athleisure,David Gandy Wellwear,davidgandywellwear.com,UK
Activewear & athleisure,Perfect Moment,perfectmoment.com,UK
Activewear & athleisure,Twill Active,twillactive.com,UK
Activewear & athleisure,Ten Thousand,tenthousand.cc,US
Activewear & athleisure,Rhone,rhone.com,US
Activewear & athleisure,Tracksmith,tracksmith.com,US
Activewear & athleisure,Bandit Running,banditrunning.com,US
Activewear & athleisure,Janji,janji.com,US
Activewear & athleisure,rabbit,runinrabbit.com,US
Activewear & athleisure,Oiselle,oiselle.com,US
Activewear & athleisure,Senita Athletics,senitaathletics.com,US
Activewear & athleisure,Born Primitive,bornprimitive.com,US
Activewear & athleisure,NVGTN,nvgtn.com,US
Activewear & athleisure,Buffbunny Collection,buffbunny.com,US
Activewear & athleisure,Darc Sport,darcsport.com,US
Activewear & athleisure,Alphalete,alphaleteathletics.com,US
Activewear & athleisure,RawGear,rawgear.com,US
Activewear & athleisure,ASRV,asrv.com,US
Activewear & athleisure,Fourlaps,fourlaps.com,US
Activewear & athleisure,Public Rec,publicrec.com,US
Activewear & athleisure,Myles Apparel,mylesapparel.com,US
Activewear & athleisure,Barbell Apparel,barbellapparel.com,US
Activewear & athleisure,Birddogs,birddogs.com,US
Activewear & athleisure,POPFLEX,popflexactive.com,US
Activewear & athleisure,Splits59,splits59.com,US
Activewear & athleisure,Year of Ours,yearofours.com,US
Activewear & athleisure,Beach Riot,beachriot.com,US
Activewear & athleisure,Onzie,onzie.com,US
Activewear & athleisure,Electric & Rose,electricandrose.com,US
Activewear & athleisure,Spiritual Gangster,spiritualgangster.com,US
Activewear & athleisure,Girlfriend Collective,girlfriend.com,US
Activewear & athleisure,Ultracor,ultracor.com,US
Activewear & athleisure,Koral,koral.com,US
Activewear & athleisure,Alala,alalastyle.com,US
Activewear & athleisure,Terez,terez.com,US
Activewear & athleisure,Constantly Varied Gear,constantlyvariedgear.com,US
Activewear & athleisure,Jolyn,jolyn.com,US
Activewear & athleisure,ROKA,roka.com,US
Activewear & athleisure,Pactimo,pactimo.com,US
Activewear & athleisure,Ornot,ornotbike.com,US
Activewear & athleisure,The Black Bibs,theblackbibs.com,US
Activewear & athleisure,Velocio,velocio.cc,US
Activewear & athleisure,Twin Six,twinsix.com,US
Activewear & athleisure,Path Projects,pathprojects.com,US
Activewear & athleisure,Zensah,zensah.com,US
Activewear & athleisure,BYLT Basics,byltbasics.com,US
Activewear & athleisure,Bad Birdie,badbirdiegolf.com,US
Activewear & athleisure,William Murray Golf,williammurraygolf.com,US
Activewear & athleisure,Malbon Golf,malbongolf.com,US
Activewear & athleisure,Eastside Golf,eastsidegolf.com,US
Activewear & athleisure,Sunday Swagger,sundayswagger.com,US
Activewear & athleisure,Rhoback,rhoback.com,US
Activewear & athleisure,Gymreapers,gymreapers.com,US
Activewear & athleisure,Live Fit Apparel,livefitapparel.com,US
Activewear & athleisure,VIRUS Performance Apparel,virusintl.com,US
Activewear & athleisure,Joah Brown,joahbrown.com,US
Activewear & athleisure,tasc Performance,tascperformance.com,US
Activewear & athleisure,Linksoul,linksoul.com,US
Activewear & athleisure,Ibex,ibex.com,US
Activewear & athleisure,SHEFIT,shefit.com,US
Activewear & athleisure,Halfdays,halfdays.com,US
Activewear & athleisure,Baseballism,baseballism.com,US
Activewear & athleisure,Tommie Copper,tommiecopper.com,US
Activewear & athleisure,P'tula,ptula.com,US
Activewear & athleisure,FLEO,fleo.com,US
Activewear & athleisure,TLF Apparel,tlfapparel.com,US
Activewear & athleisure,UNRL,unrl.com,US
Activewear & athleisure,Vitality,shopvitality.com,US
Activewear & athleisure,Glyder,glyderapparel.com,US
Activewear & athleisure,Olivers Apparel,oliversapparel.com,US
Activewear & athleisure,POINT 3 Basketball,point3gear.com,US
Activewear & athleisure,SET Active,setactive.co,US
Activewear & athleisure,Outdoor Voices,outdoorvoices.com,US
Activewear & athleisure,Bombshell Sportswear,bombshellsportswear.com,US
Activewear & athleisure,Paragon Fitwear,paragonfitwear.com,US
Activewear & athleisure,Municipal,municipal.com,US
Activewear & athleisure,Wolven,wolventhreads.com,US
Activewear & athleisure,Actively Black,activelyblack.com,US
Footwear & accessories,Grenson,grenson.com,UK
Footwear & accessories,Loake,loake.co.uk,UK
Footwear & accessories,Joseph Cheaney,cheaney.co.uk,UK
Footwear & accessories,Crockett & Jones,crockettandjones.com,UK
Footwear & accessories,Tricker's,trickers.com,UK
Footwear & accessories,Barker Shoes,barkershoes.com,UK
Footwear & accessories,Edward Green,edwardgreen.com,UK
Footwear & accessories,Gaziano & Girling,gazianogirling.com,UK
Footwear & accessories,Solovair,nps-solovair.com,UK
Footwear & accessories,Sanders & Sanders,sanders-uk.com,UK
Footwear & accessories,Jeffery-West,jeffery-west.co.uk,UK
Footwear & accessories,Oliver Sweeney,oliversweeney.com,UK
Footwear & accessories,Duke + Dexter,dukeanddexter.com,UK
Footwear & accessories,Walk London,walklondonshoes.com,UK
Footwear & accessories,Base London,baselondon.com,UK
Footwear & accessories,Samuel Windsor,samuel-windsor.co.uk,UK
Footwear & accessories,Fairfax & Favor,fairfaxandfavor.com,UK
Footwear & accessories,Penelope Chilvers,penelopechilvers.com,UK
Footwear & accessories,DuoBoots,duoboots.com,UK
Footwear & accessories,Moda in Pelle,modainpelle.com,UK
Footwear & accessories,French Sole,frenchsole.com,UK
Footwear & accessories,Sophia Webster,sophiawebster.com,UK
Footwear & accessories,Dear Frances,dearfrances.com,UK
Footwear & accessories,Sole Bliss,solebliss.com,UK
Footwear & accessories,Cosyfeet,cosyfeet.com,UK
Footwear & accessories,Padders,padders.co.uk,UK
Footwear & accessories,DB Wider Fit Shoes,widerfitshoes.co.uk,UK
Footwear & accessories,Moshulu,moshulu.co.uk,UK
Footwear & accessories,Hotter,hotter.com,UK
Footwear & accessories,Start-Rite,startriteshoes.com,UK
Footwear & accessories,Chatham,chatham.co.uk,UK
Footwear & accessories,Hoggs of Fife,hoggs.co.uk,UK
Footwear & accessories,Grubs Boots,grubsboot.com,UK
Footwear & accessories,Just Sheepskin,justsheepskin.com,UK
Footwear & accessories,Mahabis,mahabis.com,UK
Footwear & accessories,Bedroom Athletics,bedroomathletics.com,UK
Footwear & accessories,Irregular Choice,irregularchoice.com,UK
Footwear & accessories,Ruby Shoo,rubyshoo.com,UK
Footwear & accessories,Will's Vegan Store,wills-vegan-shoes.com,UK
Footwear & accessories,Strive Footwear,strivefootwear.com,UK
Footwear & accessories,Mallet London,mallet.com,UK
Footwear & accessories,LANX,lanxshoes.com,UK
Footwear & accessories,The Cambridge Satchel Company,cambridgesatchel.com,UK
Footwear & accessories,Aspinal of London,aspinaloflondon.com,UK
Footwear & accessories,Smythson,smythson.com,UK
Footwear & accessories,Strathberry,strathberry.com,UK
Footwear & accessories,Anya Hindmarch,anyahindmarch.com,UK
Footwear & accessories,Lulu Guinness,luluguinness.com,UK
Footwear & accessories,Radley London,radley.co.uk,UK
Footwear & accessories,OSPREY London,ospreylondon.com,UK
Footwear & accessories,Tusting,tusting.co.uk,UK
Footwear & accessories,Maxwell-Scott,maxwellscottbags.com,UK
Footwear & accessories,Ettinger,ettinger.co.uk,UK
Footwear & accessories,Katie Loxton,katieloxton.com,UK
Footwear & accessories,Billingham,billingham.co.uk,UK
Footwear & accessories,Stubble & Co,stubbleandco.com,UK
Footwear & accessories,ROKA London,rokalondon.com,UK
Footwear & accessories,Antler,antler.co.uk,UK
Footwear & accessories,Globe-Trotter,globe-trotter.com,UK
Footwear & accessories,Carl Friedrik,carlfriedrik.com,UK
Footwear & accessories,Bennett Winch,bennettwinch.com,UK
Footwear & accessories,Skinnydip London,skinnydiplondon.com,UK
Footwear & accessories,Cubitts,cubitts.com,UK
Footwear & accessories,Cutler and Gross,cutlerandgross.com,UK
Footwear & accessories,Bloobloom,bloobloom.com,UK
Footwear & accessories,Tom Davies,tdtomdavies.com,UK
Footwear & accessories,Taylor Morris Eyewear,taylormorriseyewear.com,UK
Footwear & accessories,Lock & Co. Hatters,lockhatters.com,UK
Footwear & accessories,Christys' London,christys-hats.com,UK
Footwear & accessories,Hicks & Brown,hicksandbrown.com,UK
Footwear & accessories,The British Belt Company,thebritishbeltcompany.co.uk,UK
Footwear & accessories,Dents,dents.co.uk,UK
Footwear & accessories,SunGod,sungod.co,UK
Footwear & accessories,Gandys,gandyslondon.com,UK
Footwear & accessories,Gola,gola.co.uk,UK
Footwear & accessories,Thursday Boot Company,thursdayboots.com,US
Footwear & accessories,Oliver Cabell,olivercabell.com,US
Footwear & accessories,Koio,koio.co,US
Footwear & accessories,GREATS,greats.com,US
Footwear & accessories,Nisolo,nisolo.com,US
Footwear & accessories,Grant Stone,grantstone.com,US
Footwear & accessories,White's Boots,whitesboots.com,US
Footwear & accessories,Nicks Boots,nicksboots.com,US
Footwear & accessories,JK Boots,jkboots.com,US
Footwear & accessories,Lucchese,lucchese.com,US
Footwear & accessories,Hari Mari,harimari.com,US
Footwear & accessories,Rainbow Sandals,rainbowsandals.com,US
Footwear & accessories,Bedrock Sandals,bedrocksandals.com,US
Footwear & accessories,Xero Shoes,xeroshoes.com,US
Footwear & accessories,Lems Shoes,lemsshoes.com,US
Footwear & accessories,Topo Athletic,topoathletic.com,US
Footwear & accessories,Kane Footwear,kanefootwear.com,US
Footwear & accessories,Sabah,sabah.am,US
Footwear & accessories,M.Gemi,mgemi.com,US
Footwear & accessories,Birdies,birdies.com,US
Footwear & accessories,Tieks,tieks.com,US
Footwear & accessories,Sarah Flint,sarahflint.com,US
Footwear & accessories,Jack Rogers,jackrogersusa.com,US
Footwear & accessories,Minnetonka,minnetonkamoccasin.com,US
Footwear & accessories,Snibbs,snibbs.co,US
Footwear & accessories,Clove,goclove.com,US
Footwear & accessories,Kuru Footwear,kurufootwear.com,US
Footwear & accessories,Wolf & Shepherd,wolfandshepherd.com,US
Footwear & accessories,Samuel Hubbard,samuelhubbard.com,US
Footwear & accessories,TAFT,taftclothing.com,US
Footwear & accessories,Amberjack,amberjack.shop,US
Footwear & accessories,Larroude,larroude.com,US
Footwear & accessories,Loeffler Randall,loefflerrandall.com,US
Footwear & accessories,Mansur Gavriel,mansurgavriel.com,US
Footwear & accessories,Hammitt,hammitt.com,US
Footwear & accessories,Clare V.,clarev.com,US
Footwear & accessories,Dagne Dover,dagnedover.com,US
Footwear & accessories,Senreve,senreve.com,US
Footwear & accessories,Parker Clay,parkerclay.com,US
Footwear & accessories,Portland Leather Goods,portlandleathergoods.com,US
Footwear & accessories,Lo & Sons,loandsons.com,US
Footwear & accessories,Peak Design,peakdesign.com,US
Footwear & accessories,Nomatic,nomatic.com,US
Footwear & accessories,Aer,aersf.com,US
Footwear & accessories,Topo Designs,topodesigns.com,US
Footwear & accessories,Leatherology,leatherology.com,US
Footwear & accessories,Naghedi,naghedi.com,US
Footwear & accessories,Consuela,consuelastyle.com,US
Footwear & accessories,Spartina 449,spartina449.com,US
Footwear & accessories,HOBO,hobobags.com,US
Footwear & accessories,Stoney Clover Lane,stoneycloverlane.com,US
Footwear & accessories,Paravel,tourparavel.com,US
Footwear & accessories,Timbuk2,timbuk2.com,US
Footwear & accessories,GORUCK,goruck.com,US
Footwear & accessories,Colonel Littleton,colonellittleton.com,US
Footwear & accessories,Anson Belt & Buckle,ansonbelt.com,US
Footwear & accessories,Mission Belt,missionbelt.com,US
Footwear & accessories,SlideBelts,slidebelts.com,US
Footwear & accessories,Grip6,grip6.com,US
Footwear & accessories,Arcade Belts,arcadebelts.com,US
Footwear & accessories,Goodr,goodr.com,US
Footwear & accessories,Blenders Eyewear,blenderseyewear.com,US
Footwear & accessories,Shady Rays,shadyrays.com,US
Footwear & accessories,Pit Viper,pitviper.com,US
Footwear & accessories,Knockaround,knockaround.com,US
Footwear & accessories,DIFF Eyewear,diffeyewear.com,US
Footwear & accessories,Peepers,peepers.com,US
Footwear & accessories,Caddis,caddislife.com,US
Footwear & accessories,Moscot,moscot.com,US
Footwear & accessories,Melin,melin.com,US
Footwear & accessories,Goorin Bros,goorin.com,US
Footwear & accessories,Branded Bills,brandedbills.com,US
Footwear & accessories,American Hat Makers,americanhatmakers.com,US
Footwear & accessories,Cariuma,cariuma.com,US
Footwear & accessories,Beckett Simonon,beckettsimonon.com,US
"Health, supplements & wellness",Wild Nutrition,wildnutrition.com,UK
"Health, supplements & wellness",Together Health,togetherhealth.co.uk,UK
"Health, supplements & wellness",Viridian Nutrition,viridian-nutrition.com,UK
"Health, supplements & wellness",Cytoplan,cytoplan.co.uk,UK
"Health, supplements & wellness",BioCare,biocare.co.uk,UK
"Health, supplements & wellness",Nutri Advanced,nutriadvanced.co.uk,UK
"Health, supplements & wellness",Innermost,liveinnermost.com,UK
"Health, supplements & wellness",Motion Nutrition,motionnutrition.com,UK
"Health, supplements & wellness",Form Nutrition,formnutrition.com,UK
"Health, supplements & wellness",Heights,heights.com,UK
"Health, supplements & wellness",The Nue Co,thenueco.com,UK
"Health, supplements & wellness",Symprove,symprove.com,UK
"Health, supplements & wellness",Zooki,zooki.com,UK
"Health, supplements & wellness",Ancient + Brave,ancientandbrave.earth,UK
"Health, supplements & wellness",Hunter & Gather,hunterandgatherfoods.com,UK
"Health, supplements & wellness",Puresport,puresport.co,UK
"Health, supplements & wellness",Bare Biology,barebiology.com,UK
"Health, supplements & wellness",Equi London,equilondon.com,UK
"Health, supplements & wellness",DIRTEA,dirteaworld.com,UK
"Health, supplements & wellness",London Nootropics,londonnootropics.com,UK
"Health, supplements & wellness",Spacegoods,spacegoods.com,UK
"Health, supplements & wellness",Vivo Life,vivolife.com,UK
"Health, supplements & wellness",Rheal,rhealsuperfoods.com,UK
"Health, supplements & wellness",The Turmeric Co,theturmeric.co,UK
"Health, supplements & wellness",Vitl,vitl.com,UK
"Health, supplements & wellness",Feel,wearefeel.com,UK
"Health, supplements & wellness",Nourished,get-nourished.com,UK
"Health, supplements & wellness",Healthspan,healthspan.co.uk,UK
"Health, supplements & wellness",Igennus,igennus.com,UK
"Health, supplements & wellness",Nutravita,nutravita.co.uk,UK
"Health, supplements & wellness",Simply Supplements,simplysupplements.co.uk,UK
"Health, supplements & wellness",Nature's Best,naturesbest.co.uk,UK
"Health, supplements & wellness",Higher Nature,highernature.com,UK
"Health, supplements & wellness",DR.VEGAN,drvegan.com,UK
"Health, supplements & wellness",Optibac Probiotics,optibacprobiotics.com,UK
"Health, supplements & wellness",Bimuno,bimuno.com,UK
"Health, supplements & wellness",Zita West,zitawest.com,UK
"Health, supplements & wellness",Wellgard,wellgard.co.uk,UK
"Health, supplements & wellness",Kollo Health,kollohealth.com,UK
"Health, supplements & wellness",Artah,artah.co,UK
"Health, supplements & wellness",Bio-Synergy,bio-synergy.co.uk,UK
"Health, supplements & wellness",Protein Works,theproteinworks.com,UK
"Health, supplements & wellness",Reflex Nutrition,reflexnutrition.com,UK
"Health, supplements & wellness",Absolute Collagen,absolutecollagen.com,UK
"Health, supplements & wellness",Gold Collagen,gold-collagen.com,UK
"Health, supplements & wellness",Skinade,skinade.com,UK
"Health, supplements & wellness",Revive Collagen,revivecollagen.com,UK
"Health, supplements & wellness",Cannaray,cannaray.co.uk,UK
"Health, supplements & wellness",Grass & Co.,grassandco.com,UK
"Health, supplements & wellness",fourfive,fourfive.com,UK
"Health, supplements & wellness",Naturecan,naturecan.co.uk,UK
"Health, supplements & wellness",Tisserand Aromatherapy,tisserand.com,UK
"Health, supplements & wellness",WillPowders,willpowders.com,UK
"Health, supplements & wellness",Nutriburst,nutriburstvitamins.com,UK
"Health, supplements & wellness",Novomins,novomins.com,UK
"Health, supplements & wellness",BetterYou,betteryou.com,UK
"Health, supplements & wellness",G&G Vitamins,gandgvitamins.com,UK
"Health, supplements & wellness",FutureYou Cambridge,futureyouhealth.com,UK
"Health, supplements & wellness",DoNotAge,donotage.org,UK
"Health, supplements & wellness",Vegetology,vegetology.com,UK
"Health, supplements & wellness",Fushi Wellbeing,fushi.co.uk,UK
"Health, supplements & wellness",LYMA,lyma.life,UK
"Health, supplements & wellness",Health & Her,healthandher.com,UK
"Health, supplements & wellness",Mind Lab Pro,mindlabpro.com,UK
"Health, supplements & wellness",KIKI Health,kiki-health.com,UK
"Health, supplements & wellness",Precision Fuel & Hydration,precisionfuelandhydration.com,UK
"Health, supplements & wellness",Phizz,phizz.co,UK
"Health, supplements & wellness",CNP Professional,cnpprofessional.co.uk,UK
"Health, supplements & wellness",Drowsy Sleep Co,drowsysleepco.com,UK
"Health, supplements & wellness",The Naked Pharmacy,thenakedpharmacy.com,UK
"Health, supplements & wellness",HealthAid,healthaid.co.uk,UK
"Health, supplements & wellness",Natures Aid,naturesaid.co.uk,UK
"Health, supplements & wellness",Lamberts,lamberts.co.uk,UK
"Health, supplements & wellness",Free Soul,yourfreesoul.com,UK
"Health, supplements & wellness",Purition,purition.co.uk,UK
"Health, supplements & wellness",Moon Juice,moonjuice.com,US
"Health, supplements & wellness",HUM Nutrition,humnutrition.com,US
"Health, supplements & wellness",Four Sigmatic,foursigmatic.com,US
"Health, supplements & wellness",Om Mushroom Superfood,ommushrooms.com,US
"Health, supplements & wellness",Host Defense,hostdefense.com,US
"Health, supplements & wellness",Gaia Herbs,gaiaherbs.com,US
"Health, supplements & wellness",Herb Pharm,herb-pharm.com,US
"Health, supplements & wellness",Oregon's Wild Harvest,oregonswildharvest.com,US
"Health, supplements & wellness",WishGarden Herbs,wishgardenherbs.com,US
"Health, supplements & wellness",Seeking Health,seekinghealth.com,US
"Health, supplements & wellness",Jigsaw Health,jigsawhealth.com,US
"Health, supplements & wellness",BodyBio,bodybio.com,US
"Health, supplements & wellness",Quicksilver Scientific,quicksilverscientific.com,US
"Health, supplements & wellness",Just Thrive,justthrivehealth.com,US
"Health, supplements & wellness",Hyperbiotics,hyperbiotics.com,US
"Health, supplements & wellness",1MD Nutrition,1md.org,US
"Health, supplements & wellness",Live Conscious,liveconscious.com,US
"Health, supplements & wellness",NativePath,nativepath.com,US
"Health, supplements & wellness",Organifi,organifishop.com,US
"Health, supplements & wellness",Kion,getkion.com,US
"Health, supplements & wellness",Ultima Replenisher,ultimareplenisher.com,US
"Health, supplements & wellness",Pique,piquelife.com,US
"Health, supplements & wellness",Jocko Fuel,jockofuel.com,US
"Health, supplements & wellness",Legion Athletics,legionathletics.com,US
"Health, supplements & wellness",Transparent Labs,transparentlabs.com,US
"Health, supplements & wellness",Kaged,kaged.com,US
"Health, supplements & wellness",Bare Performance Nutrition,bpnsupps.com,US
"Health, supplements & wellness",Gainful,gainful.com,US
"Health, supplements & wellness",Momentous,livemomentous.com,US
"Health, supplements & wellness",MUD\WTR,mudwtr.com,US
"Health, supplements & wellness",Laird Superfood,lairdsuperfood.com,US
"Health, supplements & wellness",KOS,kos.com,US
"Health, supplements & wellness",Truvani,truvani.com,US
"Health, supplements & wellness",Sunwarrior,sunwarrior.com,US
"Health, supplements & wellness",Double Wood Supplements,doublewoodsupplements.com,US
"Health, supplements & wellness",Nootropics Depot,nootropicsdepot.com,US
"Health, supplements & wellness",Neurohacker Collective,neurohacker.com,US
"Health, supplements & wellness",Magic Mind,magicmind.com,US
"Health, supplements & wellness",Beam,shopbeam.com,US
"Health, supplements & wellness",Arrae,arrae.com,US
"Health, supplements & wellness",Obvi,myobvi.com,US
"Health, supplements & wellness",SkinnyFit,skinnyfit.com,US
"Health, supplements & wellness",Pink Stork,pinkstork.com,US
"Health, supplements & wellness",Needed,thisisneeded.com,US
"Health, supplements & wellness",Perelel,perelelhealth.com,US
"Health, supplements & wellness",Natalist,natalist.com,US
"Health, supplements & wellness",WeNatal,wenatal.com,US
"Health, supplements & wellness",Hiya Health,hiyahealth.com,US
"Health, supplements & wellness",O Positiv,opositiv.com,US
"Health, supplements & wellness",Love Wellness,lovewellness.com,US
"Health, supplements & wellness",Happy V,happyv.com,US
"Health, supplements & wellness",Ora Organic,ora.organic,US
"Health, supplements & wellness",Perfect Keto,perfectketo.com,US
"Health, supplements & wellness",Ketone-IQ,ketone.com,US
"Health, supplements & wellness",BUBS Naturals,bubsnaturals.com,US
"Health, supplements & wellness",Paleovalley,paleovalley.com,US
"Health, supplements & wellness",Heart & Soil,heartandsoil.co,US
"Health, supplements & wellness",Ancestral Supplements,ancestralsupplements.com,US
"Health, supplements & wellness",ARMRA,armra.com,US
"Health, supplements & wellness",Cured Nutrition,curednutrition.com,US
"Health, supplements & wellness",Sunday Scaries,sundayscaries.com,US
"Health, supplements & wellness",CBDistillery,thecbdistillery.com,US
"Health, supplements & wellness",Joy Organics,joyorganics.com,US
"Health, supplements & wellness",Lazarus Naturals,lazarusnaturals.com,US
"Health, supplements & wellness",Medterra,medterracbd.com,US
"Health, supplements & wellness",NuLeaf Naturals,nuleafnaturals.com,US
"Health, supplements & wellness",Gravity Blankets,gravityblankets.com,US
"Health, supplements & wellness",Manta Sleep,mantasleep.com,US
"Health, supplements & wellness",Chirp,gochirp.com,US
"Health, supplements & wellness",HigherDOSE,higherdose.com,US
"Health, supplements & wellness",Apollo Neuro,apolloneuro.com,US
"Health, supplements & wellness",Amy Myers MD,amymyersmd.com,US
"Health, supplements & wellness",Dr. Kellyann,drkellyann.com,US
"Health, supplements & wellness",Purity Products,purityproducts.com,US
"Health, supplements & wellness",Vimergy,vimergy.com,US
Food & drink,Pact Coffee,pactcoffee.com,UK
Food & drink,Grind,grind.co.uk,UK
Food & drink,Union Hand-Roasted Coffee,unionroasted.com,UK
Food & drink,Origin Coffee,origincoffee.co.uk,UK
Food & drink,Square Mile Coffee Roasters,squaremilecoffee.com,UK
Food & drink,Rave Coffee,ravecoffee.co.uk,UK
Food & drink,Redemption Roasters,redemptionroasters.com,UK
Food & drink,Extract Coffee Roasters,extractcoffee.co.uk,UK
Food & drink,Volcano Coffee Works,volcanocoffeeworks.com,UK
Food & drink,Kiss the Hippo Coffee,kissthehippo.com,UK
Food & drink,Assembly Coffee,assemblycoffee.co.uk,UK
Food & drink,Workshop Coffee,workshopcoffee.com,UK
Food & drink,Climpson & Sons,climpsonandsons.com,UK
Food & drink,Monmouth Coffee Company,monmouthcoffee.co.uk,UK
Food & drink,Bird & Blend Tea Co,birdandblendtea.com,UK
Food & drink,Teapigs,teapigs.co.uk,UK
Food & drink,Whittard of Chelsea,whittard.co.uk,UK
Food & drink,Brew Tea Co,brewteacompany.co.uk,UK
Food & drink,JING Tea,jingtea.com,UK
Food & drink,Montezuma's Chocolates,montezumas.co.uk,UK
Food & drink,Willie's Cacao,williescacao.com,UK
Food & drink,Love Cocoa,lovecocoa.com,UK
Food & drink,Divine Chocolate,divinechocolate.com,UK
Food & drink,Doisy & Dam,doisyanddam.com,UK
Food & drink,Charbonnel et Walker,charbonnel.co.uk,UK
Food & drink,Prestat,prestat.co.uk,UK
Food & drink,Candy Kittens,candykittens.co.uk,UK
Food & drink,Deliciously Ella,deliciouslyella.com,UK
Food & drink,Pip & Nut,pipandnut.com,UK
Food & drink,ManiLife,manilife.com,UK
Food & drink,Bold Bean Co,boldbeanco.com,UK
Food & drink,Sauce Shop,sauceshop.co,UK
Food & drink,Tracklements,tracklements.co.uk,UK
Food & drink,The Garlic Farm,thegarlicfarm.co.uk,UK
Food & drink,Cornish Sea Salt,cornishseasalt.co.uk,UK
Food & drink,Maldon Salt,maldonsalt.com,UK
Food & drink,Belazu,belazu.com,UK
Food & drink,Wildfarmed,wildfarmed.co.uk,UK
Food & drink,Shipton Mill,shipton-mill.com,UK
Food & drink,Doves Farm,dovesfarm.co.uk,UK
Food & drink,Love Corn,lovecorn.com,UK
Food & drink,Popcorn Shed,popcornshed.com,UK
Food & drink,Joe & Seph's,joeandsephs.co.uk,UK
Food & drink,Mindful Chef,mindfulchef.com,UK
Food & drink,SimplyCook,simplycook.com,UK
Food & drink,Pasta Evangelists,pastaevangelists.com,UK
Food & drink,By Ruby,byruby.co.uk,UK
Food & drink,The Cheese Geek,thecheesegeek.com,UK
Food & drink,Donald Russell,donaldrussell.com,UK
Food & drink,Pipers Farm,pipersfarm.com,UK
Food & drink,Field & Flower,fieldandflower.co.uk,UK
Food & drink,Eversfield Organic,eversfieldorganic.co.uk,UK
Food & drink,Campbells Prime Meat,campbellsmeat.com,UK
Food & drink,MuscleFood,musclefood.com,UK
Food & drink,The Fish Society,thefishsociety.co.uk,UK
Food & drink,Cutter & Squidge,cutterandsquidge.com,UK
Food & drink,Lola's Cupcakes,lolascupcakes.co.uk,UK
Food & drink,Biscuiteers,biscuiteers.com,UK
Food & drink,Crosstown,crosstown.co.uk,UK
Food & drink,Sponge Cakes,sponge.co.uk,UK
Food & drink,Cartwright & Butler,cartwrightandbutler.co.uk,UK
Food & drink,Dash Water,dash-water.com,UK
Food & drink,Jimmy's Iced Coffee,jimmysicedcoffee.com,UK
Food & drink,Minor Figures,minorfigures.com,UK
Food & drink,Rude Health,rudehealth.com,UK
Food & drink,Moju,mojudrinks.com,UK
Food & drink,Tenzing,tenzingnaturalenergy.com,UK
Food & drink,Belvoir Farm,belvoirfarm.co.uk,UK
Food & drink,Luscombe Drinks,luscombe.co.uk,UK
Food & drink,Press London,press-london.com,UK
Food & drink,Jude's Ice Cream,judes.co.uk,UK
Food & drink,Trip,drink-trip.com,UK
Food & drink,Something & Nothing,somethingandnothing.co,UK
Food & drink,Caravan Coffee Roasters,caravancoffeeroasters.co.uk,UK
Food & drink,Swaledale Butchers,swaledale.co.uk,UK
Food & drink,Counter Culture Coffee,counterculturecoffee.com,US
Food & drink,Intelligentsia Coffee,intelligentsia.com,US
Food & drink,Verve Coffee Roasters,vervecoffee.com,US
Food & drink,Onyx Coffee Lab,onyxcoffeelab.com,US
Food & drink,Bones Coffee Company,bonescoffee.com,US
Food & drink,Copper Cow Coffee,coppercowcoffee.com,US
Food & drink,Chamberlain Coffee,chamberlaincoffee.com,US
Food & drink,Cometeer,cometeer.com,US
Food & drink,Art of Tea,artoftea.com,US
Food & drink,Harney & Sons,harney.com,US
Food & drink,Adagio Teas,adagio.com,US
Food & drink,Rishi Tea,rishi-tea.com,US
Food & drink,Smith Teamaker,smithtea.com,US
Food & drink,The Republic of Tea,republicoftea.com,US
Food & drink,Tea Forte,teaforte.com,US
Food & drink,Dandelion Chocolate,dandelionchocolate.com,US
Food & drink,Raaka Chocolate,raakachocolate.com,US
Food & drink,Taza Chocolate,tazachocolate.com,US
Food & drink,Compartes,compartes.com,US
Food & drink,Vosges Haut-Chocolat,vosgeschocolate.com,US
Food & drink,Sugarfina,sugarfina.com,US
Food & drink,Salt & Straw,saltandstraw.com,US
Food & drink,McConnell's Fine Ice Creams,mcconnells.com,US
Food & drink,Pipcorn,pipsnacks.com,US
Food & drink,Rind Snacks,rindsnacks.com,US
Food & drink,People's Choice Beef Jerky,peopleschoicebeefjerky.com,US
Food & drink,Garrett Popcorn Shops,garrettpopcorn.com,US
Food & drink,GoMacro,gomacro.com,US
Food & drink,Oats Overnight,oatsovernight.com,US
Food & drink,Catalina Crunch,catalinacrunch.com,US
Food & drink,Partake Foods,partakefoods.com,US
Food & drink,Fly By Jing,flybyjing.com,US
Food & drink,Graza,graza.co,US
Food & drink,Brightland,brightland.co,US
Food & drink,Kosterina,kosterina.com,US
Food & drink,Yellowbird Foods,yellowbirdfoods.com,US
Food & drink,Mike's Hot Honey,mikeshothoney.com,US
Food & drink,Bachan's,bachans.com,US
Food & drink,Omsom,omsom.com,US
Food & drink,Diaspora Co,diasporaco.com,US
Food & drink,Burlap & Barrel,burlapandbarrel.com,US
Food & drink,Spicewalla,spicewallabrand.com,US
Food & drink,Flatiron Pepper Co,flatironpepper.com,US
Food & drink,Fishwife,eatfishwife.com,US
Food & drink,Runamok,runamokmaple.com,US
Food & drink,Rancho Gordo,ranchogordo.com,US
Food & drink,Masienda,masienda.com,US
Food & drink,Sfoglini,sfoglini.com,US
Food & drink,Immi,immieats.com,US
Food & drink,Savannah Bee Company,savannahbee.com,US
Food & drink,Skinny Mixes,skinnymixes.com,US
Food & drink,Porter Road,porterroad.com,US
Food & drink,Snake River Farms,snakeriverfarms.com,US
Food & drink,Wild Alaskan Company,wildalaskancompany.com,US
Food & drink,White Oak Pastures,whiteoakpastures.com,US
Food & drink,US Wellness Meats,grasslandbeef.com,US
Food & drink,Kettle & Fire,kettleandfire.com,US
Food & drink,Sakara Life,sakara.com,US
Food & drink,Splendid Spoon,splendidspoon.com,US
Food & drink,Mosaic Foods,mosaicfoods.com,US
Food & drink,Purple Carrot,purplecarrot.com,US
Food & drink,Little Spoon,littlespoon.com,US
Food & drink,Nurture Life,nurturelife.com,US
Food & drink,Serenity Kids,myserenitykids.com,US
Food & drink,Recess,takearecess.com,US
Food & drink,Kin Euphorics,kineuphorics.com,US
Food & drink,Aura Bora,aurabora.com,US
Food & drink,Sanzo,drinksanzo.com,US
Food & drink,Milk Bar,milkbarstore.com,US
Food & drink,Levain Bakery,levainbakery.com,US
Food & drink,Baked by Melissa,bakedbymelissa.com,US
Food & drink,Last Crumb,lastcrumb.com,US
Food & drink,Jasper Hill Farm,jasperhillfarm.com,US
Food & drink,Beecher's Handmade Cheese,beechershandmadecheese.com,US
Food & drink,Death Wish Coffee,deathwishcoffee.com,US
Drinks & alcohol,Tiny Rebel Brewing,tinyrebel.co.uk,UK
Drinks & alcohol,Northern Monk,northernmonk.com,UK
Drinks & alcohol,Verdant Brewing Co,verdantbrewing.co,UK
Drinks & alcohol,Cloudwater Brew Co,cloudwaterbrew.co,UK
Drinks & alcohol,Deya Brewing Company,deyabrewing.com,UK
Drinks & alcohol,Vocation Brewery,vocationbrewery.com,UK
Drinks & alcohol,Thornbridge Brewery,thornbridgebrewery.co.uk,UK
Drinks & alcohol,Siren Craft Brew,sirencraftbrew.com,UK
Drinks & alcohol,Magic Rock Brewing,magicrockbrewing.com,UK
Drinks & alcohol,Purity Brewing Co,puritybrewing.com,UK
Drinks & alcohol,Timothy Taylor's,timothytaylor.co.uk,UK
Drinks & alcohol,Hook Norton Brewery,hooky.co.uk,UK
Drinks & alcohol,Black Sheep Brewery,blacksheepbrewery.com,UK
Drinks & alcohol,Theakston Brewery,theakstons.co.uk,UK
Drinks & alcohol,Innis & Gunn,innisandgunn.com,UK
Drinks & alcohol,Signature Brew,signaturebrew.co.uk,UK
Drinks & alcohol,Brixton Brewery,brixtonbrewery.com,UK
Drinks & alcohol,Five Points Brewing Co,fivepointsbrewing.co.uk,UK
Drinks & alcohol,Lost and Grounded Brewers,lostandgrounded.co.uk,UK
Drinks & alcohol,Wiper and True,wiperandtrue.com,UK
Drinks & alcohol,Vault City Brewing,vaultcity.co.uk,UK
Drinks & alcohol,Brew York,brewyork.co.uk,UK
Drinks & alcohol,St Peter's Brewery,stpetersbrewery.co.uk,UK
Drinks & alcohol,Hogs Back Brewery,hogsback.co.uk,UK
Drinks & alcohol,Titanic Brewery,titanicbrewery.co.uk,UK
Drinks & alcohol,Otter Brewery,otterbrewery.com,UK
Drinks & alcohol,Moor Beer Co,moorbeer.co.uk,UK
Drinks & alcohol,Wye Valley Brewery,wyevalleybrewery.co.uk,UK
Drinks & alcohol,Bristol Beer Factory,bristolbeerfactory.co.uk,UK
Drinks & alcohol,Left Handed Giant,lefthandedgiant.com,UK
Drinks & alcohol,Saltaire Brewery,saltairebrewery.com,UK
Drinks & alcohol,Rooster's Brewing Co,roosters.co.uk,UK
Drinks & alcohol,Oakham Ales,oakhamales.com,UK
Drinks & alcohol,Williams Bros Brewing Co,williamsbrosbrew.com,UK
Drinks & alcohol,Harviestoun Brewery,harviestoun.com,UK
Drinks & alcohol,Fierce Beer,fiercebeer.com,UK
Drinks & alcohol,Stewart Brewing,stewartbrewing.co.uk,UK
Drinks & alcohol,Sambrook's Brewery,sambrooksbrewery.co.uk,UK
Drinks & alcohol,Sheppy's Cider,sheppyscider.com,UK
Drinks & alcohol,Sandford Orchards,sandfordorchards.co.uk,UK
Drinks & alcohol,Lucky Saint,luckysaint.co,UK
Drinks & alcohol,Big Drop Brewing Co,bigdropbrew.com,UK
Drinks & alcohol,CleanCo,clean.co,UK
Drinks & alcohol,Pentire Drinks,pentiredrinks.com,UK
Drinks & alcohol,Three Spirit,threespiritdrinks.com,UK
Drinks & alcohol,Moth Drinks,mothdrinks.com,UK
Drinks & alcohol,Au Vodka,auvodka.co.uk,UK
Drinks & alcohol,Zymurgorium,zymurgorium.com,UK
Drinks & alcohol,Impossibrew,impossibrew.co.uk,UK
Drinks & alcohol,Caleño Drinks,calenodrinks.com,UK
Drinks & alcohol,Cotswolds Distillery,cotswoldsdistillery.com,UK
Drinks & alcohol,Isle of Harris Distillery,harrisdistillery.com,UK
Drinks & alcohol,Edinburgh Gin,edinburghgin.com,UK
Drinks & alcohol,Warner's Distillery,warnersdistillery.com,UK
Drinks & alcohol,Silent Pool Distillers,silentpooldistillers.com,UK
Drinks & alcohol,Salcombe Distilling Co,salcombegin.com,UK
Drinks & alcohol,Tarquin's Gin,tarquinsgin.com,UK
Drinks & alcohol,Brockmans Gin,brockmansgin.com,UK
Drinks & alcohol,Portobello Road Gin,portobelloroadgin.com,UK
Drinks & alcohol,East London Liquor Company,eastlondonliquorcompany.com,UK
Drinks & alcohol,Hayman's of London,haymansgin.com,UK
Drinks & alcohol,Isle of Wight Distillery,isleofwightdistillery.com,UK
Drinks & alcohol,Manchester Gin,manchestergin.co.uk,UK
Drinks & alcohol,Penderyn Distillery,penderyn.wales,UK
Drinks & alcohol,The Lakes Distillery,lakesdistillery.com,UK
Drinks & alcohol,The GlenAllachie,theglenallachie.com,UK
Drinks & alcohol,Kilchoman Distillery,kilchomandistillery.com,UK
Drinks & alcohol,Isle of Arran Distillers,arranwhisky.com,UK
Drinks & alcohol,Bimber Distillery,bimberdistillery.co.uk,UK
Drinks & alcohol,Nc'nean Distillery,ncnean.com,UK
Drinks & alcohol,Black Cow Vodka,blackcow.co.uk,UK
Drinks & alcohol,Chapel Down,chapeldown.com,UK
Drinks & alcohol,Nyetimber,nyetimber.com,UK
Drinks & alcohol,Gusbourne,gusbourne.com,UK
Drinks & alcohol,Camel Valley,camelvalley.com,UK
Drinks & alcohol,Frog's Leap Winery,frogsleap.com,US
Drinks & alcohol,Cakebread Cellars,cakebread.com,US
Drinks & alcohol,Silver Oak Cellars,silveroak.com,US
Drinks & alcohol,Jordan Vineyard & Winery,jordanwinery.com,US
Drinks & alcohol,Ridge Vineyards,ridgewine.com,US
Drinks & alcohol,Tablas Creek Vineyard,tablascreek.com,US
Drinks & alcohol,Frey Vineyards,freywine.com,US
Drinks & alcohol,McBride Sisters Wine,mcbridesisters.com,US
Drinks & alcohol,Charles Krug Winery,charleskrug.com,US
Drinks & alcohol,Grgich Hills Estate,grgich.com,US
Drinks & alcohol,Chateau Montelena,montelena.com,US
Drinks & alcohol,Far Niente,farniente.com,US
Drinks & alcohol,Honig Vineyard & Winery,honigwine.com,US
Drinks & alcohol,Trefethen Family Vineyards,trefethen.com,US
Drinks & alcohol,King Estate Winery,kingestate.com,US
Drinks & alcohol,Willamette Valley Vineyards,wvv.com,US
Drinks & alcohol,Sokol Blosser Winery,sokolblosser.com,US
Drinks & alcohol,Brooks Wine,brookswine.com,US
Drinks & alcohol,L'Ecole No 41,lecole.com,US
Drinks & alcohol,Schramsberg Vineyards,schramsberg.com,US
Drinks & alcohol,Iron Horse Vineyards,ironhorsevineyards.com,US
Drinks & alcohol,Dr. Konstantin Frank Winery,drfrankwines.com,US
Drinks & alcohol,Wölffer Estate,wolffer.com,US
Drinks & alcohol,Duplin Winery,duplinwinery.com,US
Drinks & alcohol,V. Sattui Winery,vsattui.com,US
Drinks & alcohol,Dry Creek Vineyard,drycreekvineyard.com,US
Drinks & alcohol,Alexander Valley Vineyards,avvwine.com,US
Drinks & alcohol,Turley Wine Cellars,turleywinecellars.com,US
Drinks & alcohol,Halter Ranch,halterranch.com,US
Drinks & alcohol,Kunde Family Winery,kunde.com,US
Drinks & alcohol,Uncle Nearest,unclenearest.com,US
Drinks & alcohol,Garrison Brothers Distillery,garrisonbros.com,US
Drinks & alcohol,New Riff Distilling,newriffdistilling.com,US
Drinks & alcohol,Frey Ranch Distillery,freyranch.com,US
Drinks & alcohol,FEW Spirits,fewspirits.com,US
Drinks & alcohol,Koval Distillery,koval-distillery.com,US
Drinks & alcohol,St. George Spirits,stgeorgespirits.com,US
Drinks & alcohol,Leopold Bros,leopoldbros.com,US
Drinks & alcohol,WhistlePig Whiskey,whistlepigwhiskey.com,US
Drinks & alcohol,Traverse City Whiskey Co,tcwhiskey.com,US
Drinks & alcohol,Old Elk Distillery,oldelk.com,US
Drinks & alcohol,Bardstown Bourbon Company,bardstownbourbon.com,US
Drinks & alcohol,Jeptha Creed Distillery,jepthacreed.com,US
Drinks & alcohol,Castle & Key Distillery,castleandkey.com,US
Drinks & alcohol,Virginia Distillery Company,vadistillery.com,US
Drinks & alcohol,Kings County Distillery,kingscountydistillery.com,US
Drinks & alcohol,Still Austin Whiskey Co,stillaustin.com,US
Drinks & alcohol,Treaty Oak Distilling,treatyoakdistilling.com,US
Drinks & alcohol,Chattanooga Whiskey,chattanoogawhiskey.com,US
Drinks & alcohol,Nelson's Green Brier Distillery,greenbrierdistillery.com,US
Drinks & alcohol,Laws Whiskey House,lawswhiskeyhouse.com,US
Drinks & alcohol,Distillery 291,distillery291.com,US
Drinks & alcohol,Sagamore Spirit,sagamorespirit.com,US
Drinks & alcohol,Catoctin Creek Distilling,catoctincreek.com,US
Drinks & alcohol,Gray Whale Gin,graywhalespirits.com,US
Drinks & alcohol,St. Augustine Distillery,staugustinedistillery.com,US
Drinks & alcohol,Ole Smoky Distillery,olesmoky.com,US
Drinks & alcohol,Sugarlands Distilling Co,sugarlands.com,US
Drinks & alcohol,Cardinal Spirits,cardinalspirits.com,US
Drinks & alcohol,Tip Top Proper Cocktails,tiptopcocktails.com,US
Drinks & alcohol,Straightaway Cocktails,straightawaycocktails.com,US
Drinks & alcohol,Ohza,drinkohza.com,US
Drinks & alcohol,Schilling Cider,schillingcider.com,US
Drinks & alcohol,Austin Eastciders,austineastciders.com,US
Drinks & alcohol,Shacksbury Cider,shacksbury.com,US
Drinks & alcohol,Blake's Hard Cider,blakeshardcider.com,US
Drinks & alcohol,Downeast Cider House,downeastcider.com,US
Drinks & alcohol,2 Towns Ciderhouse,2townsciderhouse.com,US
Drinks & alcohol,Ritual Zero Proof,ritualzeroproof.com,US
Drinks & alcohol,Spiritless,spiritless.com,US
Drinks & alcohol,Ghia,drinkghia.com,US
Drinks & alcohol,De Soi,drinkdesoi.com,US
Drinks & alcohol,Curious Elixirs,curiouselixirs.com,US
Drinks & alcohol,Hop WTR,hopwtr.com,US
Drinks & alcohol,Barrell Craft Spirits,barrellbourbon.com,US
Home & living,Piglet in Bed,pigletinbed.com,UK
Home & living,Secret Linen Store,secretlinenstore.com,UK
Home & living,Bedfolk,bedfolk.com,UK
Home & living,Scooms,scooms.com,UK
Home & living,Panda London,pandalondon.com,UK
Home & living,Dusk,dusk.com,UK
Home & living,Soak & Sleep,soakandsleep.com,UK
Home & living,Woolroom,thewoolroom.com,UK
Home & living,The Fine Bedding Company,finebedding.co.uk,UK
Home & living,Otty,otty.com,UK
Home & living,Naturalmat,naturalmat.co.uk,UK
Home & living,Button & Sprung,buttonandsprung.com,UK
Home & living,Feather & Black,featherandblack.com,UK
Home & living,Happy Beds,happybeds.co.uk,UK
Home & living,Get Laid Beds,getlaidbeds.co.uk,UK
Home & living,Loaf,loaf.com,UK
Home & living,Swoon,swooneditions.com,UK
Home & living,Snug,snugsofa.com,UK
Home & living,Sofa.com,sofa.com,UK
Home & living,Love Your Home,loveyourhome.co.uk,UK
Home & living,Arlo & Jacob,arloandjacob.com,UK
Home & living,Atkin and Thyme,atkinandthyme.co.uk,UK
Home & living,Cult Furniture,cultfurniture.com,UK
Home & living,Danetti,danetti.com,UK
Home & living,The Cotswold Company,cotswoldco.com,UK
Home & living,Furniturebox,furniturebox.co.uk,UK
Home & living,Furniture And Choice,furniturechoice.co.uk,UK
Home & living,The French Bedroom Company,frenchbedroomcompany.co.uk,UK
Home & living,OKA,oka.com,UK
Home & living,Cox & Cox,coxandcox.co.uk,UK
Home & living,Nkuku,nkuku.com,UK
Home & living,Garden Trading,gardentrading.co.uk,UK
Home & living,Rowen & Wren,rowenandwren.co.uk,UK
Home & living,Oliver Bonas,oliverbonas.com,UK
Home & living,Abigail Ahern,abigailahern.com,UK
Home & living,Weaver Green,weavergreen.com,UK
Home & living,Tartan Blanket Co,tartanblanketco.com,UK
Home & living,Sophie Allport,sophieallport.com,UK
Home & living,Emma Bridgewater,emmabridgewater.co.uk,UK
Home & living,Denby,denbypottery.com,UK
Home & living,Burleigh,burleigh.co.uk,UK
Home & living,Dartington Crystal,dartington.co.uk,UK
Home & living,LSA International,lsa-international.com,UK
Home & living,Robert Welch,robertwelch.com,UK
Home & living,ProCook,procook.co.uk,UK
Home & living,Dualit,dualit.com,UK
Home & living,Gozney,gozney.com,UK
Home & living,St Eval Candle Company,st-eval.com,UK
Home & living,Aery Living,aeryliving.com,UK
Home & living,Rebecca Udall,rebeccaudall.com,UK
Home & living,Lights4fun,lights4fun.co.uk,UK
Home & living,Pooky,pooky.com,UK
Home & living,Original BTC,originalbtc.com,UK
Home & living,Industville,industville.co.uk,UK
Home & living,Tom Raffield,tomraffield.com,UK
Home & living,Lick,lick.com,UK
Home & living,Coat Paints,coatpaints.com,UK
Home & living,Frenchic Paint,frenchicpaint.co.uk,UK
Home & living,Annie Sloan,anniesloan.com,UK
Home & living,Little Greene,littlegreene.com,UK
Home & living,Lust Home,lusthome.com,UK
Home & living,Woodchip & Magnolia,woodchipandmagnolia.co.uk,UK
Home & living,Wallsauce,wallsauce.com,UK
Home & living,Make My Blinds,makemyblinds.co.uk,UK
Home & living,King & McGaw,kingandmcgaw.com,UK
Home & living,Sarah Raven,sarahraven.com,UK
Home & living,Harrod Horticultural,harrodhorticultural.com,UK
Home & living,Bridgman,bridgman.co.uk,UK
Home & living,Moda Furnishings,modafurnishings.co.uk,UK
Home & living,VonHaus,vonhaus.com,UK
Home & living,BillyOh,billyoh.com,UK
Home & living,Tiger Sheds,tigersheds.com,UK
Home & living,Power Sheds,powersheds.com,UK
Home & living,Graham and Green,grahamandgreen.co.uk,UK
Home & living,Sofas & Stuff,sofasandstuff.com,UK
Home & living,Coyuchi,coyuchi.com,US
Home & living,Tempaper,tempaper.com,US
Home & living,The Citizenry,the-citizenry.com,US
Home & living,Sijo,sijohome.com,US
Home & living,Ettitude,ettitude.com,US
Home & living,Clare,clare.com,US
Home & living,Sunday Citizen,sundaycitizen.co,US
Home & living,Peacock Alley,peacockalley.com,US
Home & living,Matouk,matouk.com,US
Home & living,Sferra,sferra.com,US
Home & living,Backdrop,backdrophome.com,US
Home & living,Rough Linen,roughlinen.com,US
Home & living,Red Land Cotton,redlandcotton.com,US
Home & living,Weezie,weezietowels.com,US
Home & living,Bearaby,bearaby.com,US
Home & living,Baloo Living,balooliving.com,US
Home & living,Pillow Cube,pillowcube.com,US
Home & living,Bear Mattress,bearmattress.com,US
Home & living,Nolah,nolahmattress.com,US
Home & living,My Green Mattress,mygreenmattress.com,US
Home & living,Naturepedic,naturepedic.com,US
Home & living,Layla Sleep,laylasleep.com,US
Home & living,Amerisleep,amerisleep.com,US
Home & living,Brentwood Home,brentwoodhome.com,US
Home & living,PlushBeds,plushbeds.com,US
Home & living,Nest Bedding,nestbedding.com,US
Home & living,WinkBeds,winkbeds.com,US
Home & living,Burrow,burrow.com,US
Home & living,Floyd,floydhome.com,US
Home & living,Maiden Home,maidenhome.com,US
Home & living,BenchMade Modern,benchmademodern.com,US
Home & living,Medley,medleyhome.com,US
Home & living,Sixpenny,sixpenny.com,US
Home & living,Albany Park,albanypark.com,US
Home & living,Poly & Bark,polyandbark.com,US
Home & living,Apt2B,apt2b.com,US
Home & living,Sabai,sabai.design,US
Home & living,Outer,liveouter.com,US
Home & living,Neighbor,hineighbor.com,US
Home & living,Loll Designs,lolldesigns.com,US
Home & living,Breeo,breeo.co,US
Home & living,The Sill,thesill.com,US
Home & living,Bloomscape,bloomscape.com,US
Home & living,Lettuce Grow,lettucegrow.com,US
Home & living,Revival Rugs,revivalrugs.com,US
Home & living,Tumble,tumbleliving.com,US
Home & living,Beni Rugs,benirugs.com,US
Home & living,Gantri,gantri.com,US
Home & living,Schoolhouse,schoolhouse.com,US
Home & living,Cedar & Moss,cedarandmoss.com,US
Home & living,Homesick,homesick.com,US
Home & living,Otherland,otherland.com,US
Home & living,Boy Smells,boysmells.com,US
Home & living,Brooklyn Candle Studio,brooklyncandlestudio.com,US
Home & living,P.F. Candle Co,pfcandleco.com,US
Home & living,Voluspa,voluspa.com,US
Home & living,Snif,snif.co,US
Home & living,Apotheke,apothekeco.com,US
Home & living,Great Jones,greatjonesgoods.com,US
Home & living,Material Kitchen,materialkitchen.com,US
Home & living,Misen,misen.com,US
Home & living,Hedley & Bennett,hedleyandbennett.com,US
Home & living,Field Company,fieldcompany.com,US
Home & living,Smithey Ironware,smithey.com,US
Home & living,East Fork,eastfork.com,US
Home & living,Heath Ceramics,heathceramics.com,US
Home & living,Farmhouse Pottery,farmhousepottery.com,US
Home & living,Simon Pearce,simonpearce.com,US
Home & living,Estelle Colored Glass,estellecoloredglass.com,US
Home & living,W&P,wandpdesign.com,US
Home & living,GIR,gir.co,US
Home & living,Jungalow,jungalow.com,US
Home & living,Hawkins New York,hawkinsnewyork.com,US
Home & living,St. Frank,stfrank.com,US
Home & living,Crane & Canopy,craneandcanopy.com,US
Personal care & grooming,The Bluebeards Revenge,bluebeards-revenge.co.uk,UK
Personal care & grooming,Captain Fawcett,captainfawcett.com,UK
Personal care & grooming,Hawkins & Brimble,hawkinsandbrimble.co.uk,UK
Personal care & grooming,Cornerstone,cornerstone.co.uk,UK
Personal care & grooming,Bramley,bramleyproducts.co.uk,UK
Personal care & grooming,Noble Isle,nobleisle.com,UK
Personal care & grooming,The Somerset Toiletry Co,thesomersettoiletryco.co.uk,UK
Personal care & grooming,Salt of the Earth,saltoftheearthnatural.com,UK
Personal care & grooming,Polished London,polishedlondon.com,UK
Personal care & grooming,Little Soap Company,littlesoapcompany.co.uk,UK
Personal care & grooming,Friendly Soap,friendlysoap.co.uk,UK
Personal care & grooming,Edwin Jagger,edwinjagger.co.uk,UK
Personal care & grooming,Taylor of Old Bond Street,tayloroldbondst.co.uk,UK
Personal care & grooming,Truefitt & Hill,truefittandhill.co.uk,UK
Personal care & grooming,Geo. F. Trumper,trumpers.com,UK
Personal care & grooming,D.R. Harris,drharris.co.uk,UK
Personal care & grooming,Czech & Speake,czechandspeake.com,UK
Personal care & grooming,Murdock London,murdocklondon.com,UK
Personal care & grooming,Percy Nobleman,percynobleman.com,UK
Personal care & grooming,Mo Bro's,mobros.co.uk,UK
Personal care & grooming,Ordo,ordolife.com,UK
Personal care & grooming,Suri,trysuri.com,UK
Personal care & grooming,Georganics,georganics.com,UK
Personal care & grooming,DAME,wearedame.co,UK
Personal care & grooming,TOTM,totm.com,UK
Personal care & grooming,Grace & Green,graceandgreen.co,UK
Personal care & grooming,WUKA,wuka.co.uk,UK
Personal care & grooming,Hey Girls,heygirls.co.uk,UK
Personal care & grooming,Beauty Kitchen,beautykitchen.co.uk,UK
Personal care & grooming,Bloom & Blossom,bloomandblossom.com,UK
Personal care & grooming,Westlab,westlabsalts.co.uk,UK
Personal care & grooming,The English Soap Company,theenglishsoapcompany.com,UK
Personal care & grooming,King of Shaves,shave.com,UK
Personal care & grooming,Slick Gorilla,slickgorilla.co.uk,UK
Personal care & grooming,Below the Belt Grooming,btbgrooming.co.uk,UK
Personal care & grooming,FreshWipes,freshwipes.co.uk,UK
Personal care & grooming,Arran Sense of Scotland,arran.com,UK
Personal care & grooming,Scottish Fine Soaps,scottishfinesoaps.com,UK
Personal care & grooming,Highland Soap Company,highlandsoaps.com,UK
Personal care & grooming,Heathcote & Ivory,heathcote-ivory.com,UK
Personal care & grooming,SmoothSkin,smoothskin.com,UK
Personal care & grooming,Kit & Kin,kitandkin.com,UK
Personal care & grooming,BeYou,beyouonline.co.uk,UK
Personal care & grooming,Daye,yourdaye.com,UK
Personal care & grooming,Here We Flo,hereweflo.co,UK
Personal care & grooming,Mooncup,mooncup.co.uk,UK
Personal care & grooming,Cheeky Wipes,cheekywipes.com,UK
Personal care & grooming,Austin Austin,austinaustinorganic.com,UK
Personal care & grooming,The Natural Deodorant Co,naturaldeoco.com,UK
Personal care & grooming,Kent Brushes,kentbrushes.com,UK
Personal care & grooming,Denman,denmanbrush.com,UK
Personal care & grooming,Floris London,florislondon.com,UK
Personal care & grooming,The Cheeky Panda,cheekypanda.com,UK
Personal care & grooming,Parla,parlaoralcare.com,UK
Personal care & grooming,MySweetSmile,mysweetsmile.com,UK
Personal care & grooming,Good Bubble,goodbubble.co.uk,UK
Personal care & grooming,The Yorkshire Soap Company,yorkshiresoap.co.uk,UK
Personal care & grooming,Waken,wakencare.com,UK
Personal care & grooming,The Real Shaving Company,realshaving.com,UK
Personal care & grooming,Bolin Webb,bolinwebb.com,UK
Personal care & grooming,War Paint for Men,warpaintformen.com,UK
Personal care & grooming,Margaret Dabbs London,margaretdabbs.co.uk,UK
Personal care & grooming,Tangle Teezer,tangleteezer.com,UK
Personal care & grooming,Magnitone London,magnitone.co.uk,UK
Personal care & grooming,Grace Cole,gracecole.co.uk,UK
Personal care & grooming,Anatome,anatome.co,UK
Personal care & grooming,Nature Spell,naturespell.co.uk,UK
Personal care & grooming,Balmonds,balmonds.co.uk,UK
Personal care & grooming,Olverum,olverum.com,UK
Personal care & grooming,Bubble T Cosmetics,bubbletcosmetics.com,UK
Personal care & grooming,The YES YES Company,yesyesyes.org,UK
Personal care & grooming,MysteryVibe,mysteryvibe.com,UK
Personal care & grooming,Jude,wearejude.com,UK
Personal care & grooming,Watermans,watermanshair.com,UK
Personal care & grooming,Hairburst,hairburst.com,UK
Personal care & grooming,Beardbrand,beardbrand.com,US
Personal care & grooming,Fulton & Roark,fultonandroark.com,US
Personal care & grooming,Huron,usehuron.com,US
Personal care & grooming,Bravo Sierra,bravosierra.com,US
Personal care & grooming,Bossman Brands,bossmanbrands.com,US
Personal care & grooming,Honest Amish,honestamish.com,US
Personal care & grooming,The Beard Club,thebeardclub.com,US
Personal care & grooming,Live Bearded,livebearded.com,US
Personal care & grooming,Supply,supply.co,US
Personal care & grooming,OneBlade,onebladeshave.com,US
Personal care & grooming,Stirling Soap Company,stirlingsoap.com,US
Personal care & grooming,Athena Club,athenaclub.com,US
Personal care & grooming,Hanni,heyhanni.com,US
Personal care & grooming,Oui the People,ouithepeople.com,US
Personal care & grooming,Nood,trynood.com,US
Personal care & grooming,Kenzzi,kenzzi.com,US
Personal care & grooming,Bleame,bleame.com,US
Personal care & grooming,Pretty Frank,prettyfrank.com,US
Personal care & grooming,Each & Every,eachandevery.com,US
Personal care & grooming,Corpus,corpusnaturals.com,US
Personal care & grooming,Boka,boka.com,US
Personal care & grooming,Bite,bitetoothpastebits.com,US
Personal care & grooming,Davids,davids-usa.com,US
Personal care & grooming,Lumineux,lumineuxhealth.com,US
Personal care & grooming,Twice,smiletwice.com,US
Personal care & grooming,Auraglow,auraglow.com,US
Personal care & grooming,Moon Oral Care,moonoralcare.com,US
Personal care & grooming,Burst Oral Care,burstoralcare.com,US
Personal care & grooming,Cocofloss,cocofloss.com,US
Personal care & grooming,Risewell,risewell.com,US
Personal care & grooming,Primal Life Organics,primallifeorganics.com,US
Personal care & grooming,Rael,getrael.com,US
Personal care & grooming,August,itsaugust.co,US
Personal care & grooming,Cora,cora.com,US
Personal care & grooming,LOLA,mylola.com,US
Personal care & grooming,Saalt,saalt.com,US
Personal care & grooming,Flex,flexfits.com,US
Personal care & grooming,Bathing Culture,bathingculture.com,US
Personal care & grooming,Maude,getmaude.com,US
Personal care & grooming,Musee Bath,museebath.com,US
Personal care & grooming,Malin+Goetz,malinandgoetz.com,US
Personal care & grooming,Caswell-Massey,caswellmassey.com,US
Personal care & grooming,Blind Barber,blindbarber.com,US
Personal care & grooming,Suavecito,suavecito.com,US
Personal care & grooming,Layrite,layrite.com,US
Personal care & grooming,Chassis,chassisformen.com,US
Personal care & grooming,Ballsy,ballwash.com,US
Personal care & grooming,Meridian,meridiangrooming.com,US
Personal care & grooming,Lather,lather.com,US
Personal care & grooming,Pacific Shaving Company,pacificshaving.com,US
Personal care & grooming,Leaf Shave,leafshave.com,US
Personal care & grooming,Hanz de Fuko,hanzdefuko.com,US
Personal care & grooming,Momotaro Apotheca,momotaroapotheca.com,US
Personal care & grooming,Indigo Wild,indigowild.com,US
Personal care & grooming,EO Products,eoproducts.com,US
Personal care & grooming,Alaffia,alaffia.com,US
Personal care & grooming,Ruby Love,rubylove.com,US
Personal care & grooming,Detroit Grooming Co,detroitgrooming.com,US
Personal care & grooming,Byrd,byrdhair.com,US
Personal care & grooming,Tubby Todd,tubbytodd.com,US
Personal care & grooming,Goodwipes,goodwipes.com,US
Personal care & grooming,Tushy,hellotushy.com,US
Personal care & grooming,Tiege Hanley,tiege.com,US
Personal care & grooming,Particle,particleformen.com,US
Personal care & grooming,Caldera + Lab,calderalab.com,US
Personal care & grooming,Anthony,anthony.com,US
Personal care & grooming,Pete & Pedro,peteandpedro.com,US
Personal care & grooming,18.21 Man Made,1821manmade.com,US
Personal care & grooming,Billy Jealousy,billyjealousy.com,US
Personal care & grooming,Skull Shaver,skullshaver.com,US
Personal care & grooming,Badger,badgerbalm.com,US
Personal care & grooming,Primally Pure,primallypure.com,US
Personal care & grooming,Mad Rabbit,madrabbit.com,US
Personal care & grooming,Flamingo Estate,flamingoestate.com,US
Personal care & grooming,Foria,foriawellness.com,US
Pet,Scrumbles,scrumbles.co.uk,UK
Pet,Pooch & Mutt,poochandmutt.co.uk,UK
Pet,Barking Heads,barkingheads.co.uk,UK
Pet,Forthglade,forthglade.com,UK
Pet,Burns Pet Nutrition,burnspet.co.uk,UK
Pet,Different Dog,differentdog.com,UK
Pet,Bella & Duke,bellaandduke.com,UK
Pet,Pure Pet Food,purepetfood.com,UK
Pet,Naturaw,naturaw.co.uk,UK
Pet,Paleo Ridge,paleoridge.co.uk,UK
Pet,Poppy's Picnic,poppyspicnic.co.uk,UK
Pet,Cotswold Raw,cotswoldraw.com,UK
Pet,Natures Menu,naturesmenu.co.uk,UK
Pet,Guru Pet Food,gurupetfood.com,UK
Pet,Green & Wild's,greenandwilds.co.uk,UK
Pet,Denzel's,denzels.co.uk,UK
Pet,Soopa Pets,soopapets.com,UK
Pet,YuMOVE,yumove.co.uk,UK
Pet,Itch Pet,itchpet.com,UK
Pet,Fish4Dogs,fish4dogs.com,UK
Pet,Eden Pet Foods,edenpetfoods.com,UK
Pet,Millies Wolfheart,millieswolfheart.co.uk,UK
Pet,Ruff and Tumble,ruffandtumbledogcoats.com,UK
Pet,Charley Chau,charleychau.com,UK
Pet,Omlet,omlet.co.uk,UK
Pet,Tuffies,tuffies.co.uk,UK
Pet,Benyfit Natural,benyfitnatural.co.uk,UK
Pet,ProDog Raw,prodograw.com,UK
Pet,Honey's Real Dog Food,honeysrealdogfood.com,UK
Pet,Natural Instinct,naturalinstinct.com,UK
Pet,Laughing Dog,laughingdogfood.com,UK
Pet,Vet's Kitchen,vetskitchen.co.uk,UK
Pet,Animology,animology.co.uk,UK
Pet,WildWash,wildwash.co.uk,UK
Pet,Dorwest Herbs,dorwest.com,UK
Pet,Woof & Brew,woofandbrew.com,UK
Pet,Beco Pets,becopets.com,UK
Pet,Tug-E-Nuff,tugenuff.co.uk,UK
Pet,Yora Pet Foods,yorapetfoods.com,UK
Pet,KatKin,katkin.com,UK
Pet,Untamed,untamedcatfood.com,UK
Pet,Equafleece,equafleece.co.uk,UK
Pet,Mungo & Maud,mungoandmaud.com,UK
Pet,Pets Purest,petspurest.com,UK
Pet,Arden Grange,ardengrange.com,UK
Pet,Burgess Pet Care,burgesspetcare.com,UK
Pet,PitPat,pitpat.com,UK
Pet,Dogrobes,dogrobes.co.uk,UK
Pet,BullyBillows,bullybillows.com,UK
Pet,Pet Remedy,petremedy.co.uk,UK
Pet,Supreme Petfoods,supremepetfoods.com,UK
Pet,Omni,omni.pet,UK
Pet,Simpsons Premium,simpsonspremium.com,UK
Pet,JR Pet Products,jrpetproducts.com,UK
Pet,Haith's,haiths.com,UK
Pet,Barc London,barclondon.com,UK
Pet,Naturediet,naturediet.co.uk,UK
Pet,Sure Petcare,surepetcare.com,UK
Pet,Verm-X,verm-x.com,UK
Pet,AATU,aatu.co.uk,UK
Pet,Skinner's,skinners.co.uk,UK
Pet,The Innocent Hound,theinnocenthound.co.uk,UK
Pet,Wilsons Pet Food,wilsonspetfood.co.uk,UK
Pet,McAdams,mcadamspetfoods.com,UK
Pet,Frozzys,frozzys.com,UK
Pet,Canagan,canagan.com,UK
Pet,Pero Foods,pero-online.co.uk,UK
Pet,Tribal Pet Foods,tribalpets.com,UK
Pet,Nutriment,nutriment.co.uk,UK
Pet,Doodlebone,doodlebone.co.uk,UK
Pet,Barking Bags,barkingbags.co.uk,UK
Pet,The Golden Paste Company,goldenpastecompany.co.uk,UK
Pet,Durham Animal Feeds,durhamanimalfeeds.co.uk,UK
Pet,CSJ Specialist Canine Feeds,csjk9.com,UK
Pet,Cocopup London,cocopuplondon.com,UK
Pet,Spot & Tango,spotandtango.com,US
Pet,Sundays for Dogs,sundaysfordogs.com,US
Pet,A Pup Above,apupabove.com,US
Pet,JustFoodForDogs,justfoodfordogs.com,US
Pet,The Honest Kitchen,thehonestkitchen.com,US
Pet,Portland Pet Food Company,portlandpetfoodcompany.com,US
Pet,Shameless Pets,shamelesspets.com,US
Pet,Bocce's Bakery,boccesbakery.com,US
Pet,Polkadog,polkadog.com,US
Pet,Jiminy's,jiminys.com,US
Pet,Native Pet,nativepet.com,US
Pet,PetHonesty,pethonesty.com,US
Pet,Wild Earth,wildearth.com,US
Pet,Wild One,wildone.com,US
Pet,maxbone,maxbone.com,US
Pet,Sparkpaws,sparkpaws.com,US
Pet,Ruffwear,ruffwear.com,US
Pet,Kurgo,kurgo.com,US
Pet,Wilderdog,wilderdog.com,US
Pet,The Foggy Dog,thefoggydog.com,US
Pet,Harry Barker,harrybarker.com,US
Pet,Jax & Bones,jaxandbones.com,US
Pet,Big Barker,bigbarker.com,US
Pet,K9 Ballistics,k9ballistics.com,US
Pet,Bullymake,bullymake.com,US
Pet,Benebone,benebone.com,US
Pet,West Paw,westpaw.com,US
Pet,SodaPup,sodapup.com,US
Pet,Diggs,diggs.pet,US
Pet,4Knines,4knines.com,US
Pet,Fi,tryfi.com,US
Pet,Halo Collar,halocollar.com,US
Pet,SpotOn Fence,spotonfence.com,US
Pet,Smalls,smalls.com,US
Pet,Honest Paws,honestpaws.com,US
Pet,Skout's Honor,skoutshonor.com,US
Pet,Darwin's Natural Pet Products,darwinspet.com,US
Pet,Raw Paws Pet Food,rawpawspetfood.com,US
Pet,Grandma Lucy's,grandmalucys.com,US
Pet,PetPlate,petplate.com,US
Pet,Best Bully Sticks,bestbullysticks.com,US
Pet,Pawstruck,pawstruck.com,US
Pet,Mighty Paw,mightypaw.com,US
Pet,fabdog,fabdog.com,US
Pet,Sleepypod,sleepypod.com,US
Pet,Modkat,modkat.com,US
Pet,Lafeber Company,lafeber.com,US
Pet,Small Pet Select,smallpetselect.com,US
Pet,GuineaDad,guineadad.com,US
Pet,Grubbly Farms,grubblyfarms.com,US
Pet,Scratch and Peck Feeds,scratchandpeck.com,US
Pet,Pupford,pupford.com,US
Pet,Fresh Patch,freshpatch.com,US
Pet,DoggieLawn,doggielawn.com,US
Pet,Dr. Harvey's,drharveys.com,US
Pet,Max & Neo,maxandneo.com,US
Pet,Rocco & Roxie,roccoandroxie.com,US
Pet,Angry Orange,angryorange.com,US
Pet,ElleVet Sciences,ellevetsciences.com,US
Pet,Finn,petfinn.com,US
Pet,Fable Pets,fablepets.com,US
Pet,Maev,meetmaev.com,US
Pet,We Feed Raw,wefeedraw.com,US
Pet,Raised Right,raisedrightpets.com,US
Pet,Natural Farm,naturalfarmpet.com,US
Pet,Joyride Harness,joyrideharness.com,US
Pet,Bully Beds,bullybeds.com,US
Pet,Kitty Poo Club,kittypooclub.com,US
Pet,Snoozer Pet Products,snoozerpetproducts.com,US
Pet,The Refined Feline,therefinedfeline.com,US
Pet,Catastrophic Creations,catastrophicreations.com,US
Pet,Boxiecat,boxiecat.com,US
Pet,Made by Nacho,madebynacho.com,US
Pet,Pride+Groom,prideandgroom.com,US
Pet,Lucy & Co.,lucyand.co,US
Baby & kids,Frugi,welovefrugi.com,UK
Baby & kids,Snuz,snuz.co.uk,UK
Baby & kids,Cuddledry,cuddledry.com,UK
Baby & kids,Baby Mori,babymori.com,UK
Baby & kids,The Little Green Sheep,thelittlegreensheep.co.uk,UK
Baby & kids,My 1st Years,my1styears.com,UK
Baby & kids,Muddy Puddles,muddypuddles.com,UK
Baby & kids,Dotty Dungarees,dottydungarees.com,UK
Baby & kids,Rachel Riley,rachelriley.co.uk,UK
Baby & kids,Trotters,trotters.co.uk,UK
Baby & kids,La Coqueta,lacoquetakids.com,UK
Baby & kids,Pepa London,pepalondon.com,UK
Baby & kids,Amaia Kids,amaiakids.co.uk,UK
Baby & kids,Piccalilly,piccalilly.co.uk,UK
Baby & kids,Bibado,bibado.co.uk,UK
Baby & kids,Doddl,doddl.com,UK
Baby & kids,Bambino Mio,bambinomio.com,UK
Baby & kids,TotsBots,totsbots.com,UK
Baby & kids,Ickle Bubba,icklebubba.com,UK
Baby & kids,Cosatto,cosatto.com,UK
Baby & kids,iCandy,icandyworld.com,UK
Baby & kids,Vital Baby,vitalbaby.com,UK
Baby & kids,Tutti Bambini,tuttibambini.com,UK
Baby & kids,Obaby,obaby.co.uk,UK
Baby & kids,CuddleCo,cuddleco.co.uk,UK
Baby & kids,Clair de Lune,clair-de-lune.co.uk,UK
Baby & kids,Purflo,purflo.com,UK
Baby & kids,Isabella Oliver,isabellaoliver.com,UK
Baby & kids,Tiffany Rose,tiffanyrose.com,UK
Baby & kids,Little Green Radicals,littlegreenradicals.co.uk,UK
Baby & kids,Blade & Rose,bladeandrose.co.uk,UK
Baby & kids,The Bonnie Mob,thebonniemob.com,UK
Baby & kids,Cheeky Chompers,cheekychompers.com,UK
Baby & kids,Bigjigs Toys,bigjigstoys.co.uk,UK
Baby & kids,Le Toy Van,letoyvan.com,UK
Baby & kids,Orchard Toys,orchardtoys.com,UK
Baby & kids,Galt Toys,galttoys.com,UK
Baby & kids,Great Little Trading Co,gltc.co.uk,UK
Baby & kids,Gaia Baby,gaia-baby.com,UK
Baby & kids,Shnuggle,shnuggle.com,UK
Baby & kids,Pura,mypura.com,UK
Baby & kids,Sunuva,sunuva.com,UK
Baby & kids,Rockahula Kids,rockahulakids.com,UK
Baby & kids,Angel's Face,angels-face.co.uk,UK
Baby & kids,My Babiie,mybabiie.com,UK
Baby & kids,Red Kite Baby,redkitebaby.co.uk,UK
Baby & kids,Bababing,bababing.com,UK
Baby & kids,Casdon,casdon.com,UK
Baby & kids,Wow Toys,wowtoys.com,UK
Baby & kids,Lanka Kade,lankakade.co.uk,UK
Baby & kids,Tender Leaf Toys,tenderleaftoys.com,UK
Baby & kids,Frog Bikes,frogbikes.com,UK
Baby & kids,Kiddimoto,kiddimoto.co.uk,UK
Baby & kids,Little Folks Furniture,littlefolksfurniture.co.uk,UK
Baby & kids,Dotty Fish,dottyfish.com,UK
Baby & kids,Splash About,splashabout.com,UK
Baby & kids,Konfidence,konfidence.co.uk,UK
Baby & kids,Babymore,babymore.co.uk,UK
Baby & kids,Marie-Chantal,mariechantal.com,UK
Baby & kids,Emile et Rose,emile-et-rose.co.uk,UK
Baby & kids,Kite Clothing,kite-clothing.co.uk,UK
Baby & kids,Turtledove London,turtledovelondon.com,UK
Baby & kids,Tobias & the Bear,tobiasandthebear.com,UK
Baby & kids,Yoto,yotoplay.com,UK
Baby & kids,Mimi & Lula,mimiandlula.com,UK
Baby & kids,Meri Meri,merimeri.com,UK
Baby & kids,TP Toys,tptoys.com,UK
Baby & kids,Plum Play,plumplay.co.uk,UK
Baby & kids,Trunki,trunki.co.uk,UK
Baby & kids,Venicci,venicci.co.uk,UK
Baby & kids,Out'n'About,outnabout.com,UK
Baby & kids,Early Rider,earlyrider.com,UK
Baby & kids,Bobbin Bicycles,bobbinbikes.com,UK
Baby & kids,Noa & Nani,noaandnani.co.uk,UK
Baby & kids,Stompa,stompa.com,UK
Baby & kids,Monica + Andy,monicaandandy.com,US
Baby & kids,Magnetic Me,magneticme.com,US
Baby & kids,Little Unicorn,littleunicorn.com,US
Baby & kids,Angel Dear,angeldear.net,US
Baby & kids,KicKee Pants,kickeepants.com,US
Baby & kids,Rylee + Cru,ryleeandcru.com,US
Baby & kids,Goumi,goumikids.com,US
Baby & kids,Copper Pearl,copperpearl.com,US
Baby & kids,Lou Lou & Company,loulouandcompany.com,US
Baby & kids,Solly Baby,sollybaby.com,US
Baby & kids,Saranoni,saranoni.com,US
Baby & kids,Dreamland Baby,dreamlandbabyco.com,US
Baby & kids,Nested Bean,nestedbean.com,US
Baby & kids,Halo,halosleep.com,US
Baby & kids,Owlet,owletcare.com,US
Baby & kids,Nanit,nanit.com,US
Baby & kids,Newton Baby,newtonbaby.com,US
Baby & kids,Babyletto,babyletto.com,US
Baby & kids,Nurture&,nurtureand.com,US
Baby & kids,Lalo,meetlalo.com,US
Baby & kids,Mockingbird,hellomockingbird.com,US
Baby & kids,Strider Bikes,striderbikes.com,US
Baby & kids,Guava Family,guavafamily.com,US
Baby & kids,WonderFold,wonderfold.com,US
Baby & kids,Veer,veergear.com,US
Baby & kids,Tushbaby,tushbaby.com,US
Baby & kids,WildBird,wildbird.co,US
Baby & kids,Tegu,tegu.com,US
Baby & kids,Magna-Tiles,magnatiles.com,US
Baby & kids,Nugget,nuggetcomfort.com,US
Baby & kids,Gathre,gathre.com,US
Baby & kids,Slumberkins,slumberkins.com,US
Baby & kids,Bobbie,hibobbie.com,US
Baby & kids,Green Toys,greentoys.com,US
Baby & kids,Cerebelly,cerebelly.com,US
Baby & kids,ezpz,ezpzfun.com,US
Baby & kids,Bumkins,bumkins.com,US
Baby & kids,Re-Play,re-play.com,US
Baby & kids,Itzy Ritzy,itzyritzy.com,US
Baby & kids,Coterie,coterie.com,US
Baby & kids,Dyper,dyper.com,US
Baby & kids,Healthybaby,healthybaby.com,US
Baby & kids,Evereden,evereden.com,US
Baby & kids,California Baby,californiababy.com,US
Baby & kids,Earth Mama Organics,earthmamaorganics.com,US
Baby & kids,Noodle & Boo,noodleandboo.com,US
Baby & kids,Babo Botanicals,babobotanicals.com,US
Baby & kids,Hatch Collection,hatchcollection.com,US
Baby & kids,Bumpsuit,bumpsuit.com,US
Baby & kids,Ingrid & Isabel,ingridandisabel.com,US
Baby & kids,Kindred Bravely,kindredbravely.com,US
Baby & kids,Belly Bandit,bellybandit.com,US
Baby & kids,Blanqi,blanqi.com,US
Baby & kids,Boppy,boppy.com,US
Baby & kids,DockATot,dockatot.com,US
Baby & kids,Snuggle Me Organic,snugglemeorganic.com,US
Baby & kids,Freshly Picked,freshlypicked.com,US
Baby & kids,Ten Little,tenlittle.com,US
Baby & kids,Tea Collection,teacollection.com,US
Baby & kids,The Beaufort Bonnet Company,thebeaufortbonnetcompany.com,US
Baby & kids,Bella Bliss,bellabliss.com,US
Baby & kids,Little English,littleenglish.com,US
Baby & kids,Feltman Brothers,feltmanbrothers.com,US
Baby & kids,Pink Chicken,pinkchicken.com,US
Baby & kids,Minnow,shopminnow.com,US
Baby & kids,SwimZip,swimzip.com,US
Baby & kids,RuffleButts,rufflebutts.com,US
Baby & kids,Woolino,woolino.com,US
Baby & kids,Caden Lane,cadenlane.com,US
Baby & kids,Colored Organics,coloredorganics.com,US
Baby & kids,Little Bipsy,littlebipsy.com,US
Baby & kids,Birdie Bean,birdiebean.com,US
Baby & kids,Mebie Baby,mebiebaby.com,US
Baby & kids,Colugo,colugo.com,US
Baby & kids,Nestig,nestig.com,US
Jewellery & watches,Astrid & Miyu,astridandmiyu.com,UK
Jewellery & watches,Missoma,missoma.com,UK
Jewellery & watches,Daisy London,daisyjewellery.com,UK
Jewellery & watches,Otiumberg,otiumberg.com,UK
Jewellery & watches,Edge of Ember,edgeofember.com,UK
Jewellery & watches,Abbott Lyon,abbottlyon.com,UK
Jewellery & watches,Ania Haie,aniahaie.com,UK
Jewellery & watches,Estella Bartlett,estellabartlett.com,UK
Jewellery & watches,Orelia,orelia.co.uk,UK
Jewellery & watches,Seol + Gold,seolgold.com,UK
Jewellery & watches,Carrie Elizabeth,carrieelizabeth.co.uk,UK
Jewellery & watches,Lily & Roo,lilyandroo.com,UK
Jewellery & watches,Auree Jewellery,auree.co.uk,UK
Jewellery & watches,Lily Charmed,lilycharmed.com,UK
Jewellery & watches,Alex Monroe,alexmonroe.com,UK
Jewellery & watches,Tatty Devine,tattydevine.com,UK
Jewellery & watches,Astley Clarke,astleyclarke.com,UK
Jewellery & watches,Taylor & Hart,taylorandhart.com,UK
Jewellery & watches,Queensmith,queensmith.co.uk,UK
Jewellery & watches,77 Diamonds,77diamonds.com,UK
Jewellery & watches,Austen & Blake,austenblake.com,UK
Jewellery & watches,Diamonds Factory,diamondsfactory.co.uk,UK
Jewellery & watches,Angelic Diamonds,angelicdiamonds.com,UK
Jewellery & watches,Gemporia,gemporia.com,UK
Jewellery & watches,Christopher Ward,christopherward.com,UK
Jewellery & watches,Farer,farer.com,UK
Jewellery & watches,Bremont,bremont.com,UK
Jewellery & watches,Elliot Brown Watches,elliotbrownwatches.com,UK
Jewellery & watches,Marloe Watch Company,marloewatchcompany.com,UK
Jewellery & watches,William Wood Watches,williamwoodwatches.com,UK
Jewellery & watches,Sekonda,sekonda.com,UK
Jewellery & watches,Accurist,accurist.com,UK
Jewellery & watches,Rotary Watches,rotarywatches.com,UK
Jewellery & watches,Mr Jones Watches,mrjoneswatches.com,UK
Jewellery & watches,Fears Watches,fearswatches.com,UK
Jewellery & watches,Kimai,kimai.com,UK
Jewellery & watches,Rachel Jackson London,racheljacksonlondon.com,UK
Jewellery & watches,Ottoman Hands,ottomanhands.com,UK
Jewellery & watches,Shaun Leane,shaunleane.com,UK
Jewellery & watches,Stephen Webster,stephenwebster.com,UK
Jewellery & watches,Annoushka,annoushka.com,UK
Jewellery & watches,Theo Fennell,theofennell.com,UK
Jewellery & watches,Kit Heath,kitheath.com,UK
Jewellery & watches,Clogau,clogau.co.uk,UK
Jewellery & watches,Sheila Fleet,sheilafleet.com,UK
Jewellery & watches,Ortak,ortak.co.uk,UK
Jewellery & watches,Dower & Hall,dowerandhall.com,UK
Jewellery & watches,Dinny Hall,dinnyhall.com,UK
Jewellery & watches,Lola Rose,lolaroseglobal.com,UK
Jewellery & watches,Bloody Mary Metal,bloodymarymetal.com,UK
Jewellery & watches,The Great Frog,thegreatfroglondon.com,UK
Jewellery & watches,Serge DeNimes,sergedenimes.com,UK
Jewellery & watches,Northskull,northskull.com,UK
Jewellery & watches,Cernucci,cernucci.com,UK
Jewellery & watches,Hatton Labs,hattonlabs.com,UK
Jewellery & watches,Completedworks,completedworks.com,UK
Jewellery & watches,Anissa Kermiche,anissakermiche.com,UK
Jewellery & watches,Roxanne First,roxannefirst.com,UK
Jewellery & watches,Under the Rose,undertherose.co.uk,UK
Jewellery & watches,Merci Maman,mercimamanboutique.com,UK
Jewellery & watches,Bloom Boutique,bloom-boutique.co.uk,UK
Jewellery & watches,ChloBo,chlobo.co.uk,UK
Jewellery & watches,Joma Jewellery,jomajewellery.com,UK
Jewellery & watches,Hot Diamonds,hotdiamonds.co.uk,UK
Jewellery & watches,Spinnaker Watches,spinnaker-watches.com,UK
Jewellery & watches,The Camden Watch Company,camdenwatchcompany.com,UK
Jewellery & watches,Tateossian,tateossian.com,UK
Jewellery & watches,Daniella Draper,danielladraper.com,UK
Jewellery & watches,Cassandra Goad,cassandragoad.com,UK
Jewellery & watches,Garrard,garrard.com,UK
Jewellery & watches,Say It With Diamonds,sayitwithdiamonds.com,UK
Jewellery & watches,PRYA,prya.co.uk,UK
Jewellery & watches,Deakin & Francis,deakinandfrancis.com,UK
Jewellery & watches,Carat London,caratlondon.com,UK
Jewellery & watches,Buckley London,buckleylondon.com,UK
Jewellery & watches,Ring Concierge,ringconcierge.com,US
Jewellery & watches,AUrate New York,auratenewyork.com,US
Jewellery & watches,Catbird,catbirdnyc.com,US
Jewellery & watches,Stone and Strand,stoneandstrand.com,US
Jewellery & watches,Ana Luisa,analuisa.com,US
Jewellery & watches,With Clarity,withclarity.com,US
Jewellery & watches,Clean Origin,cleanorigin.com,US
Jewellery & watches,Ritani,ritani.com,US
Jewellery & watches,Holden,hiholden.com,US
Jewellery & watches,Manly Bands,manlybands.com,US
Jewellery & watches,Enso Rings,ensorings.com,US
Jewellery & watches,QALO,qalo.com,US
Jewellery & watches,Groove Life,groovelife.com,US
Jewellery & watches,The Clear Cut,theclearcut.co,US
Jewellery & watches,Frank Darling,frankdarling.com,US
Jewellery & watches,Jaxxon,jaxxon.com,US
Jewellery & watches,GLD,gld.com,US
Jewellery & watches,Bryan Anthonys,bryananthonys.com,US
Jewellery & watches,Little Words Project,littlewordsproject.com,US
Jewellery & watches,Made by Mary,madebymary.com,US
Jewellery & watches,GLDN,gldn.com,US
Jewellery & watches,Melinda Maria,melindamaria.com,US
Jewellery & watches,Kinn Studio,kinnstudio.com,US
Jewellery & watches,EF Collection,efcollection.com,US
Jewellery & watches,Zoe Lev,zoelev.com,US
Jewellery & watches,The Sis Kiss,thesiskiss.com,US
Jewellery & watches,Uncommon James,uncommonjames.com,US
Jewellery & watches,Luv AJ,luvaj.com,US
Jewellery & watches,Frasier Sterling,frasiersterling.com,US
Jewellery & watches,Electric Picks,electricpicks.com,US
Jewellery & watches,Miranda Frye,mirandafrye.com,US
Jewellery & watches,Marrin Costello,marrincostello.com,US
Jewellery & watches,Dorsey,shopdorsey.com,US
Jewellery & watches,Studs,studs.com,US
Jewellery & watches,Rowan,heyrowan.com,US
Jewellery & watches,Maison Miru,maisonmiru.com,US
Jewellery & watches,Automic Gold,automicgold.com,US
Jewellery & watches,Bagatiba,bagatiba.com,US
Jewellery & watches,Oradina,oradina.com,US
Jewellery & watches,Baby Gold,babygold.com,US
Jewellery & watches,King Ice,kingice.com,US
Jewellery & watches,The Gold Gods,thegoldgods.com,US
Jewellery & watches,Ippolita,ippolita.com,US
Jewellery & watches,Lagos,lagos.com,US
Jewellery & watches,Monica Rich Kosann,monicarichkosann.com,US
Jewellery & watches,Temple St. Clair,templestclair.com,US
Jewellery & watches,Jennifer Fisher,jenniferfisherjewelry.com,US
Jewellery & watches,Jennifer Zeuner,jenniferzeuner.com,US
Jewellery & watches,Jacquie Aiche,jacquieaiche.com,US
Jewellery & watches,Logan Hollowell,loganhollowell.com,US
Jewellery & watches,Foundrae,foundrae.com,US
Jewellery & watches,Marla Aaron,marlaaaron.com,US
Jewellery & watches,Awe Inspired,aweinspired.com,US
Jewellery & watches,Sterling Forever,sterlingforever.com,US
Jewellery & watches,Nickel & Suede,nickelandsuede.com,US
Jewellery & watches,The Giving Keys,thegivingkeys.com,US
Jewellery & watches,MantraBand,mantraband.com,US
Jewellery & watches,Shinola,shinola.com,US
Jewellery & watches,Original Grain,originalgrain.com,US
Jewellery & watches,Vaer Watches,vaerwatches.com,US
Jewellery & watches,Jack Mason,jackmasonbrand.com,US
Jewellery & watches,Diamond Nexus,diamondnexus.com,US
Jewellery & watches,MiaDonna,miadonna.com,US
Jewellery & watches,Do Amore,doamore.com,US
Jewellery & watches,Charles & Colvard,charlesandcolvard.com,US
Jewellery & watches,Julie Vos,julievos.com,US
Jewellery & watches,enewton,enewtondesign.com,US
Jewellery & watches,Sydney Evan,sydneyevan.com,US
Jewellery & watches,Zoe Chicco,zoechicco.com,US
Jewellery & watches,Ariel Gordon Jewelry,arielgordonjewelry.com,US
Jewellery & watches,Stephanie Gottlieb,stephaniegottlieb.com,US
Jewellery & watches,The Last Line,thisisthelast.com,US
Jewellery & watches,Dana Rebecca Designs,danarebeccadesigns.com,US
Jewellery & watches,Alexis Bittar,alexisbittar.com,US
Jewellery & watches,Staghead Designs,stagheaddesigns.com,US
Sports & outdoor,Ribble Cycles,ribblecycles.co.uk,UK
Sports & outdoor,Planet X,planetx.co.uk,UK
Sports & outdoor,Cotic,cotic.co.uk,UK
Sports & outdoor,Hiplok,hiplok.com,UK
Sports & outdoor,Restrap,restrap.com,UK
Sports & outdoor,Apidura,apidura.com,UK
Sports & outdoor,Hunt Bike Wheels,huntbikewheels.com,UK
Sports & outdoor,Parcours,parcours.cc,UK
Sports & outdoor,Muc-Off,muc-off.com,UK
Sports & outdoor,Hope Tech,hopetech.com,UK
Sports & outdoor,Brooks England,brooksengland.com,UK
Sports & outdoor,Exposure Lights,exposurelights.com,UK
Sports & outdoor,Pashley,pashley.co.uk,UK
Sports & outdoor,Volt Bikes,voltbikes.co.uk,UK
Sports & outdoor,Swytch Bike,swytchbike.com,UK
Sports & outdoor,Alpkit,alpkit.com,UK
Sports & outdoor,Montane,montane.com,UK
Sports & outdoor,Rab,rab.equipment,UK
Sports & outdoor,Mountain Equipment,mountain-equipment.co.uk,UK
Sports & outdoor,Paramo,paramo-clothing.com,UK
Sports & outdoor,Keela,keelaoutdoors.com,UK
Sports & outdoor,Snugpak,snugpak.com,UK
Sports & outdoor,Terra Nova Equipment,terra-nova.co.uk,UK
Sports & outdoor,Vango,vango.co.uk,UK
Sports & outdoor,Tentsile,tentsile.com,UK
Sports & outdoor,Olpro,olproshop.com,UK
Sports & outdoor,Jottnar,jottnar.com,UK
Sports & outdoor,Rohan,rohan.co.uk,UK
Sports & outdoor,DMM,dmmwales.com,UK
Sports & outdoor,DD Hammocks,ddhammocks.com,UK
Sports & outdoor,Lomo,lomo.co.uk,UK
Sports & outdoor,Lifesystems,lifesystems.co.uk,UK
Sports & outdoor,Altberg,altberg.co.uk,UK
Sports & outdoor,Acai Outdoorwear,acaioutdoorwear.com,UK
Sports & outdoor,OMM,theomm.com,UK
Sports & outdoor,Ronhill,ronhill.com,UK
Sports & outdoor,Red Paddle Co,redpaddleco.com,UK
Sports & outdoor,C-Skins,c-skins.com,UK
Sports & outdoor,Two Bare Feet,twobarefeet.co.uk,UK
Sports & outdoor,Bluefin SUP,bluefinsupboards.com,UK
Sports & outdoor,Fourth Element,fourthelement.com,UK
Sports & outdoor,Rooster Sailing,roostersailing.com,UK
Sports & outdoor,Motocaddy,motocaddy.com,UK
Sports & outdoor,PowaKaddy,powakaddy.com,UK
Sports & outdoor,Wattbike,wattbike.com,UK
Sports & outdoor,Mirafit,mirafit.co.uk,UK
Sports & outdoor,JLL Fitness,jllfitness.co.uk,UK
Sports & outdoor,BLK BOX,blkboxfitness.com,UK
Sports & outdoor,Bulldog Gear,bulldoggear.com,UK
Sports & outdoor,JTX Fitness,jtxfitness.com,UK
Sports & outdoor,RDX Sports,rdxsports.com,UK
Sports & outdoor,York Fitness,yorkfitness.com,UK
Sports & outdoor,LeMieux,lemieux.com,UK
Sports & outdoor,Endura,endurasport.com,UK
Sports & outdoor,Shot Scope,shotscope.com,UK
Sports & outdoor,Trekmates,trekmates.co.uk,UK
Sports & outdoor,Lifeventure,lifeventure.com,UK
Sports & outdoor,Mac in a Sac,macinasac.com,UK
Sports & outdoor,Bridgedale,bridgedale.com,UK
Sports & outdoor,Fulling Mill,fullingmill.com,UK
Sports & outdoor,RidgeMonkey,ridgemonkey.co.uk,UK
Sports & outdoor,Druids Golf,druidsgolf.com,UK
Sports & outdoor,Wolverson Fitness,wolverson-fitness.co.uk,UK
Sports & outdoor,Strength Shop,strengthshop.co.uk,UK
Sports & outdoor,Primal Strength,primalstrength.com,UK
Sports & outdoor,MuscleSquad,musclesquad.com,UK
Sports & outdoor,Watson Gym Equipment,watsongym.co.uk,UK
Sports & outdoor,Tailfin,tailfin.cc,UK
Sports & outdoor,Quoc,quoc.cc,UK
Sports & outdoor,Litelok,litelok.com,UK
Sports & outdoor,Burgtec,burgtec.co.uk,UK
Sports & outdoor,Peaty's,peatys.co.uk,UK
Sports & outdoor,Airdrop Bikes,airdropbikes.com,UK
Sports & outdoor,Fairlight Cycles,fairlightcycles.com,UK
Sports & outdoor,Mason Cycles,masoncycles.cc,UK
Sports & outdoor,State Bicycle Co,statebicycle.com,US
Sports & outdoor,Priority Bicycles,prioritybicycles.com,US
Sports & outdoor,Ride1Up,ride1up.com,US
Sports & outdoor,Electric Bike Company,electricbikecompany.com,US
Sports & outdoor,Sixthreezero,sixthreezero.com,US
Sports & outdoor,Retrospec,retrospec.com,US
Sports & outdoor,ENVE,enve.com,US
Sports & outdoor,Wolf Tooth Components,wolftoothcomponents.com,US
Sports & outdoor,Kuat Racks,kuat.com,US
Sports & outdoor,1UP USA,1up-usa.com,US
Sports & outdoor,Big Agnes,bigagnes.com,US
Sports & outdoor,Nemo Equipment,nemoequipment.com,US
Sports & outdoor,Gossamer Gear,gossamergear.com,US
Sports & outdoor,Hyperlite Mountain Gear,hyperlitemountaingear.com,US
Sports & outdoor,Zpacks,zpacks.com,US
Sports & outdoor,Enlightened Equipment,enlightenedequipment.com,US
Sports & outdoor,Outdoor Vitals,outdoorvitals.com,US
Sports & outdoor,Kifaru,kifaru.net,US
Sports & outdoor,Stone Glacier,stoneglacier.com,US
Sports & outdoor,Astral,astraldesigns.com,US
Sports & outdoor,Alpacka Raft,alpackaraft.com,US
Sports & outdoor,Oru Kayak,orukayak.com,US
Sports & outdoor,Bote,boteboard.com,US
Sports & outdoor,iRocker,irockersup.com,US
Sports & outdoor,Kodiak Canvas,kodiakcanvas.com,US
Sports & outdoor,Springbar,springbar.com,US
Sports & outdoor,White Duck Outdoors,whiteduckoutdoors.com,US
Sports & outdoor,BioLite,bioliteenergy.com,US
Sports & outdoor,Maven Optics,mavenbuilt.com,US
Sports & outdoor,St. Croix Rods,stcroixrods.com,US
Sports & outdoor,AFTCO,aftco.com,US
Sports & outdoor,Temple Fork Outfitters,tforods.com,US
Sports & outdoor,YakAttack,yakattack.us,US
Sports & outdoor,Duck Camp,duckcamp.com,US
Sports & outdoor,Stix Golf,stix.golf,US
Sports & outdoor,Sunday Golf,sundaygolf.com,US
Sports & outdoor,Vessel,vesselbags.com,US
Sports & outdoor,Ghost Golf,ghostgolf.com,US
Sports & outdoor,Blue Tees Golf,blueteesgolf.com,US
Sports & outdoor,REP Fitness,repfitness.com,US
Sports & outdoor,Titan Fitness,titan.fitness,US
Sports & outdoor,Fringe Sport,fringesport.com,US
Sports & outdoor,American Barbell,americanbarbell.com,US
Sports & outdoor,Assault Fitness,assaultfitness.com,US
Sports & outdoor,WaterRower,waterrower.com,US
Sports & outdoor,Crossrope,crossrope.com,US
Sports & outdoor,PRx Performance,prxperformance.com,US
Sports & outdoor,PowerBlock,powerblock.com,US
Sports & outdoor,FINIS,finisswim.com,US
Sports & outdoor,Icelantic Skis,icelanticskis.com,US
Sports & outdoor,Moment Skis,momentskis.com,US
Sports & outdoor,DPS Skis,dpsskis.com,US
Sports & outdoor,Skida,skida.com,US
Sports & outdoor,Flylow Gear,flylowgear.com,US
Sports & outdoor,Trew Gear,trewgear.com,US
Sports & outdoor,Stio,stio.com,US
Sports & outdoor,Tifosi Optics,tifosioptics.com,US
Sports & outdoor,Barebones,barebonesliving.com,US
Sports & outdoor,Wild Rye,wild-rye.com,US
Sports & outdoor,Silca,silca.cc,US
Sports & outdoor,PNW Components,pnwcomponents.com,US
Sports & outdoor,Feetures,feetures.com,US
Sports & outdoor,Swiftwick,swiftwick.com,US
Sports & outdoor,First Lite,firstlite.com,US
Sports & outdoor,Eberlestock,eberlestock.com,US
Sports & outdoor,Seek Outside,seekoutside.com,US
Sports & outdoor,ULA Equipment,ula-equipment.com,US
Sports & outdoor,Toadfish,toadfish.com,US
Sports & outdoor,Isle Surf & SUP,islesurfandsup.com,US
Sports & outdoor,Bettinardi Golf,bettinardi.com,US
Sports & outdoor,Good Good Golf,goodgoodgolf.com,US
Sports & outdoor,Precision Pro Golf,precisionprogolf.com,US
Sports & outdoor,J Skis,jskis.com,US
Sports & outdoor,Never Summer,neversummer.com,US
Sports & outdoor,Minus33,minus33.com,US
Tech & gadgets,iFi Audio,ifi-audio.com,UK
Tech & gadgets,Chord Electronics,chordelectronics.co.uk,UK
Tech & gadgets,Cambridge Audio,cambridgeaudio.com,UK
Tech & gadgets,Q Acoustics,qacoustics.co.uk,UK
Tech & gadgets,Majority,majority.co.uk,UK
Tech & gadgets,VQ,myvq.com,UK
Tech & gadgets,Roberts Radio,robertsradio.com,UK
Tech & gadgets,Pure,pure-audio.com,UK
Tech & gadgets,Orange Amps,orangeamps.com,UK
Tech & gadgets,Lightwave,lightwaverf.com,UK
Tech & gadgets,Juice,juice.co.uk,UK
Tech & gadgets,Mous,mous.co,UK
Tech & gadgets,Tech21,tech21.com,UK
Tech & gadgets,Torro,torrocases.com,UK
Tech & gadgets,Snakehive,snakehive.co.uk,UK
Tech & gadgets,Gtech,gtech.co.uk,UK
Tech & gadgets,Meaco,meaco.com,UK
Tech & gadgets,Minirig,minirigs.co.uk,UK
Tech & gadgets,Flare Audio,flareaudio.com,UK
Tech & gadgets,GPO Retro,gporetro.com,UK
Tech & gadgets,Chillblast,chillblast.com,UK
Tech & gadgets,PCSpecialist,pcspecialist.co.uk,UK
Tech & gadgets,Fierce PC,fiercepc.co.uk,UK
Tech & gadgets,AWD-IT,awd-it.co.uk,UK
Tech & gadgets,Andersen EV,andersen-ev.com,UK
Tech & gadgets,myenergi,myenergi.com,UK
Tech & gadgets,Hypervolt,hypervolt.co.uk,UK
Tech & gadgets,Nextbase,nextbase.com,UK
Tech & gadgets,Road Angel,roadangelgroup.com,UK
Tech & gadgets,Lumie,lumie.com,UK
Tech & gadgets,Kokoon,kokoon.io,UK
Tech & gadgets,Pulseroll,pulseroll.com,UK
Tech & gadgets,Myzone,myzone.org,UK
Tech & gadgets,3 Legged Thing,3leggedthing.com,UK
Tech & gadgets,Rotolight,rotolight.com,UK
Tech & gadgets,Ashdown Engineering,ashdownmusic.com,UK
Tech & gadgets,Aston Microphones,astonmics.com,UK
Tech & gadgets,Green Feathers,greenfeathers.co.uk,UK
Tech & gadgets,Auraglow,auraglow.co.uk,UK
Tech & gadgets,The Chord Company,chord.co.uk,UK
Tech & gadgets,Ruark Audio,ruarkaudio.com,UK
Tech & gadgets,Monitor Audio,monitoraudio.com,UK
Tech & gadgets,KitSound,kitsound.co.uk,UK
Tech & gadgets,Revo,revo.co.uk,UK
Tech & gadgets,GT Omega,gtomega.com,UK
Tech & gadgets,Cello Electronics,celloelectronics.com,UK
Tech & gadgets,ROLI,roli.com,UK
Tech & gadgets,E3D,e3d-online.com,UK
Tech & gadgets,Heatmiser,heatmiser.com,UK
Tech & gadgets,Duronic,duronic.com,UK
Tech & gadgets,Origin Effects,origineffects.com,UK
Tech & gadgets,Estarli,estarli.co.uk,UK
Tech & gadgets,Wisper Bikes,wisperbikes.com,UK
Tech & gadgets,Gocycle,gocycle.com,UK
Tech & gadgets,Pure Electric,pureelectric.com,UK
Tech & gadgets,Veho,veho-world.com,UK
Tech & gadgets,Ebac,ebac.com,UK
Tech & gadgets,Innuos,innuos.com,UK
Tech & gadgets,TensCare,tenscare.co.uk,UK
Tech & gadgets,Kinetik Wellbeing,kinetikwellbeing.com,UK
Tech & gadgets,Kitronik,kitronik.co.uk,UK
Tech & gadgets,Stewart Golf,stewartgolf.co.uk,UK
Tech & gadgets,MiRider,mirider.co.uk,UK
Tech & gadgets,Eskuta,eskuta.com,UK
Tech & gadgets,Bluefin Fitness,bluefinfitness.com,UK
Tech & gadgets,Pro Breeze,probreeze.com,UK
Tech & gadgets,Maeving,maeving.com,UK
Tech & gadgets,Mycle,mycle.co.uk,UK
Tech & gadgets,Beeline,beeline.co,UK
Tech & gadgets,Carv,getcarv.com,UK
Tech & gadgets,True Utility,trueutility.com,UK
Tech & gadgets,Vibox,vibox.co.uk,UK
Tech & gadgets,Punch Technology,punchtechnology.co.uk,UK
Tech & gadgets,Pipetto,pipetto.co.uk,UK
Tech & gadgets,Groov-e,groov-e.co.uk,UK
Tech & gadgets,Schiit Audio,schiit.com,US
Tech & gadgets,JDS Labs,jdslabs.com,US
Tech & gadgets,Emotiva,emotiva.com,US
Tech & gadgets,SVS,svsound.com,US
Tech & gadgets,Aperion Audio,aperionaudio.com,US
Tech & gadgets,Tekton Design,tektondesign.com,US
Tech & gadgets,Zu Audio,zuaudio.com,US
Tech & gadgets,Ember,ember.com,US
Tech & gadgets,Audeze,audeze.com,US
Tech & gadgets,Dan Clark Audio,danclarkaudio.com,US
Tech & gadgets,Grado Labs,gradolabs.com,US
Tech & gadgets,Koss,koss.com,US
Tech & gadgets,JH Audio,jhaudio.com,US
Tech & gadgets,64 Audio,64audio.com,US
Tech & gadgets,Campfire Audio,campfireaudio.com,US
Tech & gadgets,Master & Dynamic,masterdynamic.com,US
Tech & gadgets,Raycon,rayconglobal.com,US
Tech & gadgets,Turtlebox,turtleboxaudio.com,US
Tech & gadgets,Victrola,victrola.com,US
Tech & gadgets,U-Turn Audio,uturnaudio.com,US
Tech & gadgets,Tivoli Audio,tivoliaudio.com,US
Tech & gadgets,Andover Audio,andoveraudio.com,US
Tech & gadgets,Strymon,strymon.net,US
Tech & gadgets,Chase Bliss,chasebliss.com,US
Tech & gadgets,EarthQuaker Devices,earthquakerdevices.com,US
Tech & gadgets,JHS Pedals,jhspedals.info,US
Tech & gadgets,Walrus Audio,walrusaudio.com,US
Tech & gadgets,Glowforge,glowforge.com,US
Tech & gadgets,Make Noise,makenoisemusic.com,US
Tech & gadgets,Moog Music,moogmusic.com,US
Tech & gadgets,Positive Grid,positivegrid.com,US
Tech & gadgets,Abode,goabode.com,US
Tech & gadgets,Rachio,rachio.com,US
Tech & gadgets,Flume,flumewater.com,US
Tech & gadgets,Sense,sense.com,US
Tech & gadgets,Emporia Energy,emporiaenergy.com,US
Tech & gadgets,Lockly,lockly.com,US
Tech & gadgets,Ultraloq,u-tec.com,US
Tech & gadgets,AliveCor,alivecor.com,US
Tech & gadgets,Embr Labs,embrwave.com,US
Tech & gadgets,Lifepro,lifeprofitness.com,US
Tech & gadgets,Sphero,sphero.com,US
Tech & gadgets,Hatch,hatch.co,US
Tech & gadgets,Joovv,joovv.com,US
Tech & gadgets,Hooga,hoogahealth.com,US
Tech & gadgets,Mito Red Light,mitoredlight.com,US
Tech & gadgets,Nomad,nomadgoods.com,US
Tech & gadgets,Rokform,rokform.com,US
Tech & gadgets,Twelve South,twelvesouth.com,US
Tech & gadgets,Grovemade,grovemade.com,US
Tech & gadgets,Elevation Lab,elevationlab.com,US
Tech & gadgets,Satechi,satechi.com,US
Tech & gadgets,Plugable,plugable.com,US
Tech & gadgets,CalDigit,caldigit.com,US
Tech & gadgets,iOttie,iottie.com,US
Tech & gadgets,SANDMARC,sandmarc.com,US
Tech & gadgets,PolarPro,polarpro.com,US
Tech & gadgets,Wandrd,wandrd.com,US
Tech & gadgets,Think Tank Photo,thinktankphoto.com,US
Tech & gadgets,Lume Cube,lumecube.com,US
Tech & gadgets,Kinesis,kinesis-ergo.com,US
Tech & gadgets,Glorious,gloriousgaming.com,US
Tech & gadgets,Das Keyboard,daskeyboard.com,US
Tech & gadgets,System76,system76.com,US
Tech & gadgets,Puget Systems,pugetsystems.com,US
Tech & gadgets,Falcon Northwest,falcon-nw.com,US
Tech & gadgets,Maingear,maingear.com,US
Tech & gadgets,Starforge Systems,starforgesystems.com,US
Tech & gadgets,Analogue,analogue.co,US
Tech & gadgets,Framework,frame.work,US
Tech & gadgets,Moment,shopmoment.com,US
Tech & gadgets,The James Brand,thejamesbrand.com,US
Tech & gadgets,Super73,super73.com,US
Tech & gadgets,Rocky Talkie,rockytalkie.com,US
Tech & gadgets,Freewrite,getfreewrite.com,US
Gifts & stationery,Ohh Deer,ohhdeer.com,UK
Gifts & stationery,Martha Brook,marthabrook.com,UK
Gifts & stationery,Busy B,busyb.co.uk,UK
Gifts & stationery,Rex London,rexlondon.com,UK
Gifts & stationery,Sass & Belle,sassandbelle.co.uk,UK
Gifts & stationery,Talking Tables,talkingtables.co.uk,UK
Gifts & stationery,Wild & Wolf,wildandwolf.com,UK
Gifts & stationery,Luckies of London,luckies.co.uk,UK
Gifts & stationery,Suck UK,suck.uk.com,UK
Gifts & stationery,Caroline Gardner,carolinegardner.com,UK
Gifts & stationery,Wrendale Designs,wrendaledesigns.co.uk,UK
Gifts & stationery,Whistlefish,whistlefish.com,UK
Gifts & stationery,The Art File,theartfile.com,UK
Gifts & stationery,Santoro London,santorolondon.com,UK
Gifts & stationery,Roger la Borde,rogerlaborde.com,UK
Gifts & stationery,Historic Newspapers,historic-newspapers.co.uk,UK
Gifts & stationery,Wentworth Wooden Puzzles,wentworthpuzzles.com,UK
Gifts & stationery,Gibsons Games,gibsonsgames.co.uk,UK
Gifts & stationery,Cloudberries,cloudberries.co.uk,UK
Gifts & stationery,Big Potato Games,bigpotato.co.uk,UK
Gifts & stationery,Ginger Fox,gingerfox.co.uk,UK
Gifts & stationery,Professor Puzzle,professorpuzzle.com,UK
Gifts & stationery,The School of Life,theschooloflife.com,UK
Gifts & stationery,Abstract House,abstracthouse.com,UK
Gifts & stationery,Noble Macmillan,noblemacmillan.com,UK
Gifts & stationery,Wonderbly,wonderbly.com,UK
Gifts & stationery,The Book of Everyone,thebookofeveryone.com,UK
Gifts & stationery,In the Book,inthebook.com,UK
Gifts & stationery,Letterfest,letterfest.com,UK
Gifts & stationery,Halcyon Days,halcyondays.co.uk,UK
Gifts & stationery,Lisa Angel,lisaangel.co.uk,UK
Gifts & stationery,Treat Republic,treatrepublic.co.uk,UK
Gifts & stationery,ToxicFox,toxicfox.co.uk,UK
Gifts & stationery,Scribbler,scribbler.com,UK
Gifts & stationery,TouchNote,touchnote.com,UK
Gifts & stationery,Brainbox Candy,brainboxcandy.com,UK
Gifts & stationery,Rosie Made a Thing,rosiemadeathing.co.uk,UK
Gifts & stationery,Central 23,central23.com,UK
Gifts & stationery,Paper Salad,papersalad.co.uk,UK
Gifts & stationery,Boxclever Press,boxcleverpress.com,UK
Gifts & stationery,Tinc,tinc.uk.com,UK
Gifts & stationery,Filofax,filofax.com,UK
Gifts & stationery,The British Hamper Company,britishhamper.com,UK
Gifts & stationery,Hampers.com,hampers.com,UK
Gifts & stationery,Virginia Hayward,virginiahayward.com,UK
Gifts & stationery,Bookblock,bookblock.com,UK
Gifts & stationery,Danilo,danilo.com,UK
Gifts & stationery,CGD London,cgdlondon.com,UK
Gifts & stationery,Cardology,cardology.co.uk,UK
Gifts & stationery,Gift Republic,giftrepublic.com,UK
Gifts & stationery,Bubblegum Stuff,bubblegumstuff.com,UK
Gifts & stationery,Manuscript Pen Company,manuscriptpen.com,UK
Gifts & stationery,Root7,root7.com,UK
Gifts & stationery,Sara Miller London,saramiller.london,UK
Gifts & stationery,My Nametags,mynametags.com,UK
Gifts & stationery,Bags of Love,bagsoflove.co.uk,UK
Gifts & stationery,Bob Books,bobbooks.co.uk,UK
Gifts & stationery,Printerpix,printerpix.com,UK
Gifts & stationery,Regency Hampers,regencyhampers.com,UK
Gifts & stationery,toucanBox,toucanbox.com,UK
Gifts & stationery,Popsa,popsa.com,UK
Gifts & stationery,Ginger Ray,gingerray.co.uk,UK
Gifts & stationery,Papier,papier.com,UK
Gifts & stationery,Funky Pigeon,funkypigeon.com,UK
Gifts & stationery,Oakdene Designs,oakdenedesigns.com,UK
Gifts & stationery,East End Prints,eastendprints.co.uk,UK
Gifts & stationery,From You To Me,fromyoutome.com,UK
Gifts & stationery,Bakerdays,bakerdays.com,UK
Gifts & stationery,Alex Clark Art,alexclarkart.co.uk,UK
Gifts & stationery,House of Puzzles,thehouseofpuzzles.com,UK
Gifts & stationery,Penwizard,penwizard.com,UK
Gifts & stationery,Lucy Pittaway,lucypittaway.co.uk,UK
Gifts & stationery,Collins Debden,collinsdebden.com,UK
Gifts & stationery,Winning Moves,winningmoves.co.uk,UK
Gifts & stationery,Highland Fayre,highlandfayre.co.uk,UK
Gifts & stationery,Rifle Paper Co,riflepaperco.com,US
Gifts & stationery,Lovepop,lovepop.com,US
Gifts & stationery,Artifact Uprising,artifactuprising.com,US
Gifts & stationery,Sugar Paper,sugarpaper.com,US
Gifts & stationery,Day Designer,daydesigner.com,US
Gifts & stationery,Erin Condren,erincondren.com,US
Gifts & stationery,Plum Paper,plumpaper.com,US
Gifts & stationery,Passion Planner,passionplanner.com,US
Gifts & stationery,Panda Planner,pandaplanner.com,US
Gifts & stationery,Full Focus,fullfocus.co,US
Gifts & stationery,Cultivate What Matters,cultivatewhatmatters.com,US
Gifts & stationery,Ink+Volt,inkandvolt.com,US
Gifts & stationery,Golden Coil,goldencoil.com,US
Gifts & stationery,Emily Ley,emilyley.com,US
Gifts & stationery,The Happy Planner,thehappyplanner.com,US
Gifts & stationery,bloom daily planners,bloomplanners.com,US
Gifts & stationery,Baron Fig,baronfig.com,US
Gifts & stationery,Field Notes,fieldnotesbrand.com,US
Gifts & stationery,Blackwing,blackwing602.com,US
Gifts & stationery,Appointed,appointed.co,US
Gifts & stationery,Denik,denik.com,US
Gifts & stationery,OOLY,ooly.com,US
Gifts & stationery,Yoobi,yoobi.com,US
Gifts & stationery,Em & Friends,emandfriends.com,US
Gifts & stationery,The Unemployed Philosophers Guild,philosophersguild.com,US
Gifts & stationery,Blue Q,blueq.com,US
Gifts & stationery,Fred,genuinefred.com,US
Gifts & stationery,Kikkerland,kikkerland.com,US
Gifts & stationery,Knock Knock,knockknockstuff.com,US
Gifts & stationery,The Adventure Challenge,theadventurechallenge.com,US
Gifts & stationery,Galison,galison.com,US
Gifts & stationery,Mudpuppy,mudpuppy.com,US
Gifts & stationery,eeBoo,eeboo.com,US
Gifts & stationery,Piecework Puzzles,pieceworkpuzzles.com,US
Gifts & stationery,JIGGY Puzzles,jiggypuzzles.com,US
Gifts & stationery,White Mountain Puzzles,whitemountainpuzzles.com,US
Gifts & stationery,Springbok Puzzles,springbok-puzzles.com,US
Gifts & stationery,Archer & Olive,archerandolive.com,US
Gifts & stationery,Stave Puzzles,stavepuzzles.com,US
Gifts & stationery,Liberty Puzzles,libertypuzzles.com,US
Gifts & stationery,Retro 51,retro51.com,US
Gifts & stationery,Bananagrams,bananagrams.com,US
Gifts & stationery,What Do You Meme,whatdoyoumeme.com,US
Gifts & stationery,Unstable Games,unstablegames.com,US
Gifts & stationery,GiftTree,gifttree.com,US
Gifts & stationery,Swanky Badger,swankybadger.com,US
Gifts & stationery,Spoonful of Comfort,spoonfulofcomfort.com,US
Gifts & stationery,Sugarwish,sugarwish.com,US
Gifts & stationery,Paperless Post,paperlesspost.com,US
Gifts & stationery,Hester & Cook,hesterandcook.com,US
Gifts & stationery,Paper Culture,paperculture.com,US
Gifts & stationery,Mixbook,mixbook.com,US
Gifts & stationery,Artkive,artkive.com,US
Gifts & stationery,Fracture,fractureme.com,US
Gifts & stationery,Framebridge,framebridge.com,US
Gifts & stationery,Letterfolk,letterfolk.com,US
Gifts & stationery,1canoe2,1canoe2.com,US
Gifts & stationery,Peter Pauper Press,peterpauper.com,US
Gifts & stationery,BestSelf Co,bestself.co,US
Gifts & stationery,Pipsticks,pipsticks.com,US
Gifts & stationery,Mrs. Grossman's,mrsgrossmans.com,US
Gifts & stationery,Compendium,live-inspired.com,US
Gifts & stationery,Crane,crane.com,US
Gifts & stationery,Levenger,levenger.com,US
Gifts & stationery,New York Puzzle Company,newyorkpuzzlecompany.com,US
Gifts & stationery,Pomegranate,pomegranate.com,US
Gifts & stationery,GiGi New York,giginewyork.com,US
Gifts & stationery,Smallwoods,smallwoods.com,US
Gifts & stationery,Marleylilly,marleylilly.com,US
Gifts & stationery,Chatbooks,chatbooks.com,US
Gifts & stationery,Mpix,mpix.com,US
Gifts & stationery,StoryWorth,storyworth.com,US
Gifts & stationery,LoveBook,lovebookonline.com,US
Gifts & stationery,I See Me!,iseeme.com,US
Gifts & stationery,Cloth & Paper,clothandpaper.com,US
